地区,年份,总人数,高学历人数占比,gdp,高学历人数,低学历人数,x,a
北京,2001,628.88,8.2,3861.5,51.56816,577.31184,973.9649711883401,3.9647216421844846
天津,2001,488.34,3.6,1756.9,17.58024,470.75976,670.2858113081189,2.6211206777169616
河北,2001,3409.16,0.8,5062.9,27.27328,3381.88672,4016.564785765939,1.2605050011746617
山西,2001,1399.5,1.7,2029.5,23.7915,1375.7085,1761.3296216605272,1.1522545099120345
内蒙古,2001,1067.0,1.6,1713.8,17.072,1049.928,1334.763857277266,1.2839724350162698
辽宁,2001,2069.3,1.3,5033.1,26.9009,2042.3991,2538.0957932797187,1.983022080303851
吉林,2001,1167.41,2.2,1900.9,25.68302000000001,1141.72698,1509.8891781225807,1.2589665702244506
黑龙江,2001,1592.6,1.8,3043.4,28.6668,1563.9332,2016.0759037194916,1.5095661797183237
上海,2001,752.26,7.3,5257.7,54.91497999999999,697.34502,1143.6405709352448,4.597336028137201
江苏,2001,4436.45,1.5,9456.8,66.54674999999999,4369.903249999999,5514.972802915056,1.7147500700277991
浙江,2001,2796.65,1.0,6927.7,27.9665,2768.6835,3353.1763231968457,2.066011247924857
安徽,2001,3463.02,1.3,3502.8,45.01926,3418.00074,4247.560283208588,0.8246616331373173
福建,2001,1805.0,2.1,4072.9,37.905,1767.095,2322.616599328113,1.7535825762970132
江西,2001,2054.8,1.0,2175.7,20.548,2034.252,2463.7000371533363,0.8831026371675896
山东,2001,5430.9,1.3,9076.2,70.6017,5360.2983,6661.259577501002,1.3625351023184376
河南,2001,5516.59,1.5,5533.0,82.74885,5433.84115,6857.700146475936,0.8068302611398548
湖北,2001,3414.5,1.4,3880.5,47.80299999999999,3366.697,4216.842113293325,0.9202383906589653
湖南,2001,3607.96,1.2,3831.9,43.29552,3564.66448,4393.667330466324,0.8721415873771444
广东,2001,4058.63,1.5,12126.6,60.87945,3997.75055,5045.302903694426,2.4035425090375226
广西,2001,2578.3,0.8,2279.3,20.626400000000004,2557.6736,3037.671739413908,0.7503444070094851
海南,2001,338.39,1.3,579.2,4.39907,333.99093,415.0515804803188,1.3954892048109306
重庆,2001,1616.08,1.1,2014.6,17.776880000000002,1598.30312,1953.2021901202331,1.0314344363273458
四川,2001,4664.8,1.3,4293.5,60.64240000000001,4604.1576000000005,5721.601148451761,0.7504018348363554
贵州,2001,2068.01,1.3,1133.3,26.88413000000001,2041.1258700000003,2536.513546349195,0.4467943810633927
云南,2001,2322.53,0.7,2159.0,16.25771,2306.2722900000003,2709.800995928463,0.7967374738011928
西藏,2001,126.33,0.1,139.2,0.12633,126.20367,134.31581483158735,1.0363634407053013
陕西,2001,1784.8,1.3,2010.6,23.2024,1761.5976,2189.142884958991,0.9184416484708645
甘肃,2001,1488.93,1.1,1125.4,16.378230000000002,1472.55177,1799.5280783969342,0.6253861851394591
青海,2001,285.66,1.1,300.1,3.1422600000000007,282.51774,345.25007278708085,0.8692250158773309
宁夏,2001,278.99,1.9,337.4,5.30081,273.68919,355.16806495951175,0.9499727967897753
新疆,2001,685.38,2.0,1491.6,13.7076,671.6724,877.2864,1.7002429309288278
北京,2002,679.2,11.4,4525.7,77.42880000000001,601.7712,1110.9148220321376,4.073849686982641
天津,2002,492.61,5.4,1926.9,26.60094,466.00906,715.2871568393704,2.693883123128293
河北,2002,3435.0,1.7,5518.9,58.395,3376.605,4323.091997430447,1.2766094275301834
山西,2002,1403.39,1.7,2324.8,23.85763,1379.53237,1766.2253502980825,1.3162533306452928
内蒙古,2002,1086.1,1.8,1940.9,19.5498,1066.5502,1374.8964203376486,1.4116699783997924
辽宁,2002,2025.3,1.5,5458.2,30.3795,1994.9205,2517.660385610987,2.167965159715297
吉林,2002,1186.6,2.5,2043.1,29.665,1156.935,1557.1157312449773,1.3121054260793181
黑龙江,2002,1588.6,1.5,3242.7,23.829,1564.771,1974.796468958482,1.6420426362774574
上海,2002,792.04,7.0,5795.0,55.4428,736.5971999999999,1196.2132858077582,4.844453801636932
江苏,2002,4472.84,1.2,10606.9,53.67408,4419.16592,5446.89269903297,1.947330448033817
浙江,2002,2858.56,2.6,8040.7,74.32256000000001,2784.23744,3768.354821239704,2.1337428085805334
安徽,2002,3500.5,0.9,3827.7,31.504500000000004,3468.9955,4161.677642482714,0.9197492763318702
福建,2002,1840.0,2.2,4467.6,40.48,1799.52,2379.7946631822147,1.877304823444731
江西,2002,2130.6,0.7,2450.5,14.9142,2115.6858,2485.8675676633598,0.9857725455195491
山东,2002,5510.2,1.7,10076.5,93.6734,5416.5266,6934.818493228891,1.453030098745717
河南,2002,5522.03,1.6,6035.5,88.35248,5433.67752,6907.7845012191,0.8737244190137724
湖北,2002,3443.0,1.3,4212.8,44.75900000000001,3398.241,4223.0047920852785,0.997583523441791
湖南,2002,3644.52,1.4,4151.5,51.02327999999999,3593.49672,4500.912408475558,0.9223685384728688
广东,2002,4134.37,2.3,13601.9,95.09051,4039.27949,5373.881430744615,2.531112786036162
广西,2002,2589.03,0.9,2523.7,23.30127,2565.7287300000003,3078.048355011291,0.8199026489922516
海南,2002,349.89,1.0,642.7,3.4989,346.3911,419.5172308738471,1.531999052008584
重庆,2002,1551.77,1.0,2279.8,15.5177,1536.2523,1860.5683310557881,1.2253245215166686
四川,2002,4667.6,1.3,4725.0,60.67880000000001,4606.921200000001,5725.035482874602,0.8253223956661884
贵州,2002,2106.14,1.2,1243.4,25.27368,2080.86632,2564.7952059857494,0.48479504215312724
云南,2002,2341.25,0.7,2358.7,16.38875,2324.86125,2731.6424682210836,0.863473176830512
西藏,2002,130.2,0.0,162.0,0.0,130.2,130.2,1.2442396313364057
陕西,2002,1874.0,1.0,2253.4,18.74,1855.26,2246.921291427561,1.0028833713922942
甘肃,2002,1500.59,0.8,1232.0,12.00472,1488.58528,1767.9478088070116,0.6968531502246877
青海,2002,287.72,1.4,340.7,4.02808,283.69192000000004,355.32869024359513,0.9588305401582786
宁夏,2002,282.4,1.4,377.2,3.9536,278.4464,348.75859212008646,1.0815504148787263
新疆,2002,701.49,3.5,1612.6,24.55215,676.93785,959.3293269761423,1.6809660193366567
北京,2003,703.28,13.77,5267.2,96.841656,606.438344,1187.9592485545786,4.4338221251349665
天津,2003,510.9,4.91,2257.8,25.08519,485.81481,731.6872896130019,3.08574445948648
河北,2003,3470.23,2.35,6333.6,81.550405,3388.679595,4521.6066088086345,1.4007410524527686
山西,2003,1469.5,1.98,2854.3,29.0961,1440.4039,1878.9393039989689,1.5191017580637967
内蒙古,2003,1005.2,1.93,2388.4,19.40036,985.79964,1281.785378528008,1.8633384652451093
辽宁,2003,2018.9,3.35,5906.3,67.63315,1951.26685,2745.454398668337,2.15130143952302
吉林,2003,1202.5,2.28,2141.0,27.417,1175.083,1561.4832899230826,1.371132188103956
黑龙江,2003,1623.3,1.59,3609.7,25.81047,1597.48953,2029.4130659773414,1.7786916131150514
上海,2003,813.05,7.89,6804.0,64.14964499999999,748.900355,1251.4183013796683,5.437030921234491
江苏,2003,4499.97,2.05,12442.9,92.249385,4407.720615,5775.288808746381,2.154506971349357
浙江,2003,2918.74,2.74,9753.4,79.973476,2838.766524,3871.684964783838,2.5191615766042954
安徽,2003,3544.9,1.51,4307.8,53.52799,3491.37201,4409.506560321075,0.9769347071084368
福建,2003,1858.0,1.89,4999.6,35.1162,1822.8838,2364.014830207811,2.1148767495508927
江西,2003,2168.2,2.21,2812.7,47.91722,2120.28278,2805.6890004744296,1.002498851271251
山东,2003,5541.0,2.07,10903.2,114.6987,5426.3013,7118.833584277263,1.5315992249181007
河南,2003,5535.68,0.7,6942.4,38.74976,5496.930240000001,6458.728704103404,1.0748864549132255
湖北,2003,3476.0,1.31,4757.5,45.5356,3430.4644,4266.463799886219,1.1150920816735574
湖南,2003,3694.78,1.04,4660.0,38.425712,3656.354288,4444.441301764078,1.0485007413981062
广东,2003,4395.93,1.91,15979.8,83.96226300000001,4311.967737,5599.329466813091,2.8538774320588507
广西,2003,2601.37,1.8,2798.2,46.82466,2554.54534,3293.0801040178153,0.8497212067771983
海南,2003,360.34,2.2,714.0,7.92748,352.41252,466.05174398428215,1.5320187279978938
重庆,2003,1499.99,1.06,2615.6,15.899894000000002,1484.090106,1807.2154896446502,1.4473094188199445
四川,2003,4683.5,1.32,5346.2,61.8222,4621.6778,5752.559940858624,0.9293601552984477
贵州,2003,2145.0,2.54,1429.0,54.483,2090.517,2819.974481624305,0.5067421741975822
云南,2003,2353.33,0.58,2633.4,13.649314,2339.680686,2710.7375340165595,0.9714699291074608
西藏,2003,132.81,0.07,186.0,0.092967,132.717033,139.83518452623446,1.330137337252947
陕西,2003,1912.1,2.25,2587.7,43.02224999999999,1869.07775,2479.239948266519,1.0437472991709882
甘肃,2003,1510.85,1.51,1399.9,22.813835,1488.036165,1879.3486379477827,0.7448857395233848
青海,2003,289.8,1.88,385.0,5.448239999999999,284.35176,368.5201786812607,1.04471891166913
宁夏,2003,291.4,1.66,442.6,4.83724,286.56276,365.86268448511373,1.2097434878412932
新疆,2003,721.27,4.95,1889.2,35.702865,685.567135,1034.1706926763939,1.826777739282887
北京,2004,854.07,16.27,6252.5,138.957189,715.1128110000001,1484.5303588948261,4.211769710560003
天津,2004,527.78,7.57,2621.1,39.952946,487.827054,806.9940966770916,3.2479791497766053
河北,2004,3516.71,2.26,7588.6,79.477646,3437.232354,4562.0484834606605,1.663419410712503
山西,2004,1474.61,2.08,3496.0,30.671888,1443.9381119999998,1895.50574980128,1.8443626458883133
内蒙古,2004,1026.1,2.29,2942.4,23.49769,1002.60231,1333.0777729651702,2.2072230590531925
辽宁,2004,2097.3,2.94,6469.8,61.66062000000001,2035.63938,2805.8726110067073,2.305806747826206
吉林,2004,1222.0,2.32,2455.2,28.3504,1193.6496,1589.915444741533,1.5442330647961804
黑龙江,2004,1681.06,1.39,4134.7,23.366734,1657.693266,2074.6835643363506,1.9929304261503642
上海,2004,836.87,10.56,8101.6,88.373472,748.496528,1351.2521029519016,5.9956243415285035
江苏,2004,4537.07,1.81,14823.1,82.12096700000001,4454.949033,5746.771984003787,2.5793784826090693
浙江,2004,2991.95,3.75,11482.1,112.198125,2879.751875,4128.792576331893,2.780982524000017
安徽,2004,3605.2,1.68,5129.1,60.56736,3544.63264,4531.890975837427,1.1317792125509414
福建,2004,1886.0,2.25,5712.1,42.435,1843.565,2445.398536912638,2.335856472381649
江西,2004,2213.98,1.45,3398.1,32.102709999999995,2181.87729,2743.2971975156524,1.2386918934912852
山东,2004,5622.4,2.18,13308.1,122.56832,5499.831679999999,7264.478109348489,1.8319416480688564
河南,2004,5587.45,1.45,8411.2,81.018025,5506.431975,6923.294666735394,1.214912899838512
湖北,2004,3507.0,1.58,5546.8,55.4106,3451.5894,4381.653393311065,1.2659148276008372
湖南,2004,3747.1,1.45,5542.6,54.33295,3692.76705,4642.954737084752,1.1937656759238888
广东,2004,4681.89,1.95,18658.3,91.296855,4590.593145000001,5976.659039980583,3.121861206266941
广西,2004,2631.78,1.63,3305.1,42.898014,2588.8819860000003,3298.2870012528774,1.0020656173172724
海南,2004,367.74,1.83,802.7,6.729642,361.010358,466.31931766109636,1.7213526645777362
重庆,2004,1471.34,1.27,3059.5,18.686018,1452.6539819999998,1800.8506581306508,1.698919333586425
四川,2004,4691.0,1.05,6304.0,49.255500000000005,4641.7445,5647.308415145971,1.1162839952379429
贵州,2004,2186.0,1.85,1649.4,40.441,2145.559,2775.1300417361176,0.5943505259912568
云南,2004,2401.39,1.54,3136.4,36.981406,2364.408594,2992.7922460714976,1.0479845382241315
西藏,2004,137.3217,0.0,217.9,0.0,137.3217,137.3217,1.5867848999830327
陕西,2004,1941.1,3.04,3141.6,59.00944,1882.09056,2607.6166463784275,1.2047783190689445
甘肃,2004,1520.46,2.18,1653.6,33.146028,1487.313972,1964.5255382292266,0.8417299586191752
青海,2004,290.42,1.81,443.7,5.256602,285.16339800000003,367.85359705589286,1.2061863837981792
宁夏,2004,298.1,2.97,519.9,8.853570000000001,289.24643000000003,399.3099504051869,1.3019961047112605
新疆,2004,744.49,3.45,2170.4,25.684905000000004,718.805095,1016.2431275153314,2.1357093998820247
北京,2005,878.0,16.385,7149.8,143.8603,734.1397,1527.964791304606,4.6792963036113955
天津,2005,542.52,6.488,3158.6,35.1986976,507.3213024,809.7805403662559,3.900562982868662
河北,2005,3568.97,1.81,8773.4,64.598357,3504.371643,4520.551106275634,1.9407810671182033
山西,2005,1500.2,2.254,4079.4,33.814508000000004,1466.385492,1945.5542587662906,2.0967803810245917
内蒙古,2005,1041.13,2.995,3523.7,31.181843500000003,1009.9481565,1396.0499648320533,2.5240500617926704
辽宁,2005,2120.3,3.552,7260.8,75.313056,2044.986944,2905.192900293386,2.4992488448070884
吉林,2005,1238.9,2.996,2776.5,37.117444,1201.782556,1661.3078442572148,1.6712736351650692
黑龙江,2005,1748.8,2.702,4756.4,47.252576,1701.547424,2315.90668827008,2.053796046313465
上海,2005,863.32,10.54,9197.1,90.993928,772.3260720000001,1393.5161259311155,6.5999236240303345
江苏,2005,4578.75,2.754,18121.3,126.098775,4452.651225,6077.381195424342,2.9817612911369653
浙江,2005,3100.76,2.351,13028.3,72.8988676,3027.8611324000003,4040.3932216391972,3.22451288409854
安徽,2005,3669.72,1.534,5675.9,56.2935048,3613.4264952,4571.745369381568,1.2415170884217013
福建,2005,1923.0,2.425,6415.5,46.63275,1876.36725,2514.6085356971703,2.5512917453854564
江西,2005,2276.71,1.403,3941.2,31.9422413,2244.7677587,2812.25799378153,1.4014361444486205
山东,2005,5689.2,1.673,15947.5,95.180316,5594.019684,7148.570496115827,2.23086559874664
河南,2005,5662.41,1.464,10243.5,82.8976824,5579.5123176,7022.599163390581,1.4586479680344357
湖北,2005,3537.0,2.003,6469.7,70.84611000000001,3466.15389,4528.087321617764,1.4287931173748984
湖南,2005,3801.48,1.653,6369.9,62.8384644,3738.6415356,4770.872578967185,1.3351645625754645
广东,2005,5022.97,2.505,21963.0,125.8253985,4897.1446015,6592.919261595241,3.3313012231073147
广西,2005,2703.06,1.46,3742.1,39.464676,2663.595324,3351.497896661738,1.1165455313957742
海南,2005,379.55,2.174,884.9,8.251417,371.298583,490.2521127141142,1.8049896717447107
重庆,2005,1456.3,1.823,3448.4,26.548349,1429.751651,1845.953927551483,1.8680856269116313
四川,2005,4702.0,1.37,7195.9,64.4174,4637.5826,5795.14411378782,1.241712002101811
贵州,2005,1944.29,1.364,1939.9,26.520115600000004,1917.7698844,2395.3309250987613,0.809867221131467
云南,2005,2461.32,1.273,3497.7,31.3326036,2429.9873964000003,3013.181692254127,1.1607995657850325
西藏,2005,143.6,0.2,243.1,0.2872,143.31279999999998,156.43112405987875,1.5540385678424589
陕西,2005,1976.0,2.649,3817.2,52.34424,1923.65576,2610.640997033197,1.462169637394789
甘肃,2005,1391.36,1.545,1864.6,21.496512,1369.863488,1734.5642360353606,1.0749673959967363
青海,2005,291.04,3.035,499.4,8.833064,282.20693600000004,390.8949333169255,1.2775811540005353
宁夏,2005,299.6,2.99,579.9,8.95804,290.64196000000004,401.6506208380607,1.4437921166162138
新疆,2005,791.62,3.567,2520.5,28.2370854,763.3829146,1085.2572493568287,2.3224908209493735
北京,2006,919.7,19.401,8387.0,178.43099700000002,741.269003,1647.0661175789976,5.092084592407224
天津,2006,562.92,7.562,3538.2,42.568010400000006,520.3519895999999,860.5798656517435,4.111413874783618
河北,2006,3609.99,1.424,10043.0,51.4062576,3558.5837424,4465.4044552273745,2.249068388025474
山西,2006,1561.16,2.746,4713.6,42.86945360000001,1518.2905464,2071.408120546126,2.2755535006579297
内蒙古,2006,1051.2,2.006,4161.8,21.087072,1030.112928,1345.9681494386177,3.0920493933945035
辽宁,2006,2128.1,3.589,8390.3,76.377509,2051.722491,2919.820791748846,2.8735667694778533
吉林,2006,1250.5,2.395,3226.5,29.949475000000003,1220.550525,1632.8864403177731,1.9759487986023674
黑龙江,2006,1784.1,2.448,5329.8,43.67476799999999,1740.4252319999998,2335.507900665002,2.2820732049257537
上海,2006,885.51,14.455,10598.9,128.0004705,757.5095295,1508.2830764387095,7.027129167971339
江苏,2006,4628.95,2.78,21240.8,128.68480999999997,4500.26519,6150.943128663546,3.4532590459205106
浙江,2006,3172.38,3.757,15302.7,119.1863166,3053.1936834000003,4378.860681968563,3.4946761524096974
安徽,2006,3741.0,1.109,6500.3,41.48769,3699.51231,4524.541242994812,1.4366760409277264
福建,2006,1958.0,2.035,7468.6,39.8453,1918.1547,2510.917532613716,2.974450535707412
江西,2006,2321.07,2.127,4696.8,49.3691589,2271.7008411,2990.8519340577336,1.5703886730453358
山东,2006,5756.3,1.676,18967.8,96.475588,5659.824412,7234.183470540833,2.621968336473771
河南,2006,5718.72,0.955,11977.9,54.613776,5664.106224,6831.083660962981,1.7534406829840332
湖北,2006,3564.0,3.133,7531.8,111.66012,3452.33988,4805.754702478048,1.567246034450383
湖南,2006,3842.17,1.914,7431.6,73.5391338,3768.6308662,4895.0552729757255,1.518185104267944
广东,2006,5177.02,2.694,25961.2,139.4689188,5037.5510812,6853.423057375803,3.7880632470309843
广西,2006,2760.0,1.26,4417.8,34.776,2725.224,3375.7024925205355,1.308705376077547
海南,2006,389.03,1.976,1027.5,7.687232799999999,381.3427672,497.3161141248056,2.0660903011522773
重庆,2006,1454.77,1.859,3900.3,27.0441743,1427.7258257,1847.7670284001765,2.1108180523044275
四川,2006,4715.0,1.093,8494.7,51.53495,4663.46505,5695.472209047246,1.4914830040793083
贵州,2006,1953.24,0.896,2264.1,17.5010304,1935.7389696,2321.356430241489,0.9753349250913904
云南,2006,2517.6,1.106,4090.7,27.844656,2489.755344,3044.1980671359956,1.343769330964907
西藏,2006,148.198,0.0,285.9,0.0,148.198,148.198,1.92917583233242
陕西,2006,1986.0,2.443,4595.6,48.51798,1937.48202,2599.1972403614345,1.7680843641404274
甘肃,2006,1401.36,0.783,2203.0,10.9726488,1390.3873512,1648.3922416259047,1.3364537543728388
青海,2006,294.19,2.401,585.2,7.063501899999999,287.1264981,384.25927478046435,1.5229300589669241
宁夏,2006,308.1,3.076,683.3,9.477156,298.62284400000004,414.4972796222096,1.648502978409867
新疆,2006,811.75,3.839,2957.3,31.1630825,780.5869175,1123.6826498362955,2.6317928824751693
北京,2007,942.7,19.376,10425.5,182.65755200000004,760.042448,1687.8912317459653,6.176642074984771
天津,2007,613.93,7.815,4158.4,47.9786295,565.9513704999999,943.49681337924,4.407434069762485
河北,2007,3664.97,1.593,12152.9,58.3829721,3606.5870279,4582.713471403872,2.6519004681034684
山西,2007,1595.65,2.593,5935.6,41.3752045,1554.2747955,2102.8321665358835,2.822669395331752
内蒙古,2007,1081.53,2.369,5166.9,25.6214457,1055.9085543,1410.491418334509,3.663191376308416
辽宁,2007,2180.7,3.672,10292.2,80.075304,2100.624696,3000.9637651928983,3.429631546830233
吉林,2007,1266.1,2.723,4080.3,34.475902999999995,1231.624097,1678.2230539566292,2.4313216234160064
黑龙江,2007,1827.6,1.968,6126.3,35.967167999999994,1791.632832,2335.300537966466,2.6233454325903005
上海,2007,1024.33,13.459,12878.7,137.8645747,886.4654252999999,1723.5071702372416,7.472379704824345
江苏,2007,4677.88,2.268,25988.4,106.0943184,4571.7856816,6070.776960668995,4.2809017969812055
浙江,2007,3220.29,3.366,18640.0,108.3949614,3111.8950386,4381.864349906021,4.253897088439029
安徽,2007,3818.0,0.851,7941.6,32.49118,3785.50882,4519.414708891131,1.7572186912558252
福建,2007,1999.0,2.759,9325.6,55.15241,1943.84759,2653.852286431656,3.513986082676482
江西,2007,2369.55,2.972,5777.6,70.42302600000001,2299.126974,3174.3145088280253,1.8201095020458835
山东,2007,5803.6,1.519,22718.1,88.156684,5715.443316000001,7223.254225969865,3.1451336598843915
河南,2007,5772.72,0.893,14824.5,51.55038960000001,5721.1696104,6858.866440188983,2.161362978747774
湖北,2007,3584.0,2.503,9451.4,89.70752,3494.29248,4703.75767474119,2.009329700539906
湖南,2007,3883.41,1.658,9285.5,64.3869378,3819.0230622,4875.166422439777,1.904652927797503
广东,2007,5341.5,2.972,31742.6,158.74938,5182.75062,7155.620665909097,4.436037275037303
广西,2007,2769.0,1.084,5474.8,30.01596,2738.98404,3342.457009322507,1.6379567440149976
海南,2007,397.46,1.548,1234.0,6.1526808,391.3073192,495.59437786507465,2.489939464841863
重庆,2007,1468.87,1.003,4770.7,14.732766099999996,1454.1372339,1761.6051276792703,2.7081551506862924
四川,2007,4731.1,1.484,10562.1,70.209524,4660.8904760000005,5875.195978029979,1.797744286232575
贵州,2007,1872.64,1.128,2847.5,21.1233792,1851.5166208,2268.16642225905,1.255419343155581
云南,2007,2573.82,1.143,5077.4,29.4187626,2544.4012374000004,3121.0060230752138,1.626847228893553
西藏,2007,158.15,0.0,344.1,0.0,158.15,158.15,2.1757824849826117
陕西,2007,2013.0,2.343,5681.8,47.16459,1965.83541,2621.992023330789,2.166978369668056
甘肃,2007,1414.76,1.211,2675.1,17.1327436,1397.6272564,1724.2446647720867,1.551461955866686
青海,2007,298.56,3.088,720.1,9.2195328,289.3404672,401.857317055531,1.791929546726388
宁夏,2007,309.5,2.851,877.6,8.823845,300.676155,412.51688768189376,2.1274280549618325
新疆,2007,830.42,3.405,3500.0,28.275801,802.144199,1131.6260407377542,3.092894537596717
北京,2008,980.9,18.35,11813.1,179.99515,800.90485,1740.2654946374048,6.7881021811912285
天津,2008,647.32,7.173,5182.4,46.432263600000006,600.8877364,981.389320773591,5.280676985474955
河北,2008,3725.66,1.808,14200.1,67.3599328,3658.3000672,4718.479916578685,3.0094649656358667
山西,2008,1614.05,2.084,7223.0,33.636802,1580.413198,2075.1792479091428,3.4806631799530425
内蒙古,2008,1103.28,2.178,6242.4,24.0294384,1079.2505616,1425.359399453815,4.37952701781181
辽宁,2008,2198.2,4.79,12137.7,105.29377999999998,2092.90622,3137.0716783231064,3.8691178412882485
吉林,2008,1281.4,2.912,4834.7,37.314368,1244.085632,1712.316553852184,2.8234849386484155
黑龙江,2008,1852.4,1.958,7134.2,36.269992,1816.130008,2365.707007008944,3.015673529673503
上海,2008,1053.24,14.529,14536.9,153.0252396,900.2147604,1795.5487751109144,8.096076364788267
江苏,2008,4700.96,2.32,30945.5,109.062272,4591.897728,6116.308436261993,5.059506125710114
浙江,2008,3252.35,3.311,21284.6,107.6853085,3144.6646915,4416.195672644332,4.819668687201805
安徽,2008,3916.0,1.143,9517.7,44.75988,3871.24012,4748.529262482432,2.004346919623771
福建,2008,2033.0,2.991,10931.8,60.807030000000005,1972.19297,2725.5985766447375,4.0107887102939594
江西,2008,2404.5,2.045,6934.2,49.17202499999999,2355.327975,3085.1357206902953,2.2476158677545897
山东,2008,5815.1,1.985,27106.2,115.42973500000002,5699.670265000001,7437.334789759275,3.6446120507205713
河南,2008,5835.45,1.033,17735.9,60.2801985,5775.1698015,7015.498104113771,2.52810274292569
湖北,2008,3607.0,2.681,11497.5,96.70367,3510.29633,4772.261409124204,2.4092351642803234
湖南,2008,3910.06,1.67,11307.4,65.298002,3844.761998,4912.1683307406,2.301916228977275
广东,2008,5471.72,3.366,36704.2,184.17809520000003,5287.5419048,7445.396160180534,4.929784689806217
广西,2008,2799.0,1.022,6455.4,28.60578,2770.39422,3362.0249996957205,1.920092801387332
海南,2008,408.36,1.884,1474.7,7.6935024,400.6664976,519.4010493625702,2.8392318456225896
重庆,2008,1492.43,1.329,5899.5,19.8343947,1472.5956053,1834.2372115623402,3.2163233647271876
四川,2008,4740.0,1.041,12756.2,49.3434,4690.6566,5702.191134601521,2.2370698734726693
贵州,2008,1867.2,1.393,3504.5,26.010096000000004,1841.189904,2304.8735137395033,1.5204738911308773
云南,2008,2638.37,0.907,6016.6,23.9300159,2614.4399841,3138.624296889527,1.9169545096438065
西藏,2008,163.5012,0.0,398.2,0.0,163.5012,163.50119999999998,2.435456131208823
陕西,2008,2039.0,3.178,7177.8,64.79942,1974.20058,2754.337829413945,2.6059984085275616
甘肃,2008,1446.34,1.694,3071.7,24.5009996,1421.8390003999998,1819.6306469766673,1.6880898357607117
青海,2008,301.0,3.109,896.9,9.35809,291.64191,405.48370670208635,2.2119261148487106
宁夏,2008,303.9,3.043,1139.2,9.247677,294.652323,408.3001821914823,2.790104069720313
新疆,2008,847.58,3.677,4142.5,31.1655166,816.4144834,1166.6033792992803,3.550906909328679
北京,2009,998.3,20.751,12900.9,207.157233,791.1427669999999,1807.968936095942,7.1355761387458925
天津,2009,677.13,7.846,5709.6,53.127619800000005,624.0023802,1041.2825021721565,5.483238206816641
河北,2009,3792.49,2.244,15306.9,85.1034756,3707.3865244,4915.89816913363,3.113754490707374
山西,2009,1600.59,2.459,7147.6,39.3585081,1561.2314918999998,2096.363102618209,3.4095238516043116
内蒙古,2009,1142.5,2.136,7104.2,24.4038,1118.0962,1472.8682554093841,4.823377769130739
辽宁,2009,2277.1,4.825,12815.7,109.870075,2167.229925,3253.037937375107,3.9396097576227636
吉林,2009,1297.3,3.679,5434.8,47.72766699999999,1249.572333,1785.7226538637906,3.043473737783779
黑龙江,2009,1877.0,2.542,7218.9,47.71334,1829.28666,2467.8684332947373,2.925155937248397
上海,2009,1064.42,15.943,15742.4,169.70048060000002,894.7195194000001,1843.7385034230388,8.538304087468507
江苏,2009,4726.54,2.797,34471.7,132.2013238,4594.3386762,6285.228750173273,5.484557741681187
浙江,2009,3288.29,4.19,22833.7,137.77935100000002,3150.510649,4605.977842454061,4.957405524086114
安徽,2009,3988.0,1.179,10864.7,47.01852,3940.98148,4848.927677652448,2.240639729495825
福建,2009,2069.0,3.063,12418.1,63.373470000000005,2005.62653,2782.0315918110764,4.463680440061406
江西,2009,2445.2,2.383,7630.0,58.269116,2386.930884,3191.0802921750337,2.3910398051436705
山东,2009,5844.7,2.169,29540.8,126.771543,5717.928457,7547.486672789635,3.913991674407474
河南,2009,5948.78,1.358,19181.0,80.7844324,5867.9955676,7325.795165136946,2.6182823253482868
湖北,2009,3622.0,2.539,13192.1,91.96258,3530.03742,4761.528584353623,2.7705598667094478
湖南,2009,3935.21,2.102,12772.8,82.7181142,3852.4918858,5064.228801905756,2.5221609251132917
广东,2009,5688.62,2.725,39464.7,155.014895,5533.605105,7540.960372958531,5.233378515224432
广西,2009,2862.63,1.471,7112.9,42.109287300000005,2820.5207127000003,3551.8908128326607,2.002567188805955
海南,2009,424.56,1.702,1620.3,7.2260112,417.3339888,534.3900519386106,3.0320549458621584
重庆,2009,1513.0,1.736,6651.2,26.26568,1486.73432,1908.22190169138,3.4855485067562704
四川,2009,4756.62,2.046,14190.6,97.3204452,4659.2995548,6103.38665683896,2.325037032366148
贵州,2009,1841.92,1.347,3856.7,24.8106624,1817.1093376,2266.5783865606854,1.7015515646260841
云南,2009,2684.77,1.002,6574.4,26.9013954,2657.8686046,3219.5610779120784,2.0420174803031137
西藏,2009,169.07,0.0,445.7,0.0,169.07,169.06999999999996,2.6361861950671326
陕西,2009,2060.0,3.282,7997.8,67.6092,1992.3908,2794.0407293205462,2.8624493251195027
甘肃,2009,1488.63,1.877,3268.3,27.9415851,1460.6884149,1892.679252688394,1.7268113418359983
青海,2009,303.26,4.147,939.7,12.5761922,290.6838078,424.1846945221804,2.215308595842945
宁夏,2009,328.5,3.141,1266.7,10.318185,318.181815,443.09596556259334,2.8587486649572336
新疆,2009,866.15,3.152,4237.0,27.301048,838.8489519999999,1168.8145370921522,3.625040470955354
北京,2010,1067.3,24.257,14964.0,258.894961,808.405039,1982.2688323524656,7.548925632978556
天津,2010,667.0,11.253,6830.8,75.05751000000001,591.94249,1088.5672158154614,6.275037407665221
河北,2010,4135.0,2.729,18003.6,112.84415,4022.15585,5482.407522705402,3.2838857610343726
山西,2010,1802.0,3.76,8903.9,67.7552,1734.2448,2487.5774304131082,3.579345869254547
内蒙古,2010,1398.0,4.552,8199.9,63.63695999999999,1334.36304,1980.8029080296646,4.139684956418288
辽宁,2010,2317.5,5.948,13896.3,137.84490000000002,2179.6551,3413.7743074504483,4.070655745950103
吉林,2010,1563.98,4.648,6410.5,72.6937904,1491.2862096,2222.4851165999335,2.884383770275635
黑龙江,2010,2102.0,3.916,8308.3,82.31432000000001,2019.68568,2917.472999830007,2.8477727130582187
上海,2010,1090.76,15.676,17915.4,170.9875376,919.7724624,1883.9046992776655,9.50971671065378
江苏,2010,4724.68,4.852,41383.9,229.24147360000003,4495.4385264,6754.991259162152,6.12641799408235
浙江,2010,3352.0,5.028,27399.9,168.53856,3183.46144,4816.972364125858,5.688199542945124
安徽,2010,4050.0,2.788,13249.8,112.914,3937.086,5383.494849789829,2.4611893146916026
福建,2010,2114.0,4.276,15002.5,90.39464,2023.60536,2969.390151964051,5.052384237913923
江西,2010,2388.0,2.49,9383.2,59.461200000000005,2328.5388,3132.198122261968,2.99572365276299
山东,2010,5940.0,3.496,33922.5,207.6624,5732.3376,8122.10080759459,4.176567221165327
河南,2010,5156.0,2.163,22655.0,111.52428,5044.47572,6656.10869292926,3.403640331785185
湖北,2010,3375.0,3.569,16226.9,120.45375,3254.54625,4627.2336848383175,3.5068252665019646
湖南,2010,3982.73,2.66,15574.3,105.940618,3876.789382,5264.462363615615,2.958383767284381
广东,2010,6051.0,4.27,45944.6,258.37769999999995,5792.6223,8497.781091019555,5.4066584568240055
广西,2010,2666.0,2.677,8552.4,71.36882,2594.63118,3526.6410765279743,2.4250837594224226
海南,2010,457.65,3.381,2020.5,15.4731465,442.1768535,623.0811607057695,3.2427557233657356
重庆,2010,1551.03,4.246,8065.3,65.8567338,1485.1732662,2176.517523261687,3.705598468103991
四川,2010,4677.0,2.561,17224.8,119.77797,4557.22203,6154.639744447445,2.7986690879088028
贵州,2010,1779.0,2.616,4519.0,46.53864000000001,1732.46136,2346.8957494010683,1.9255222568591963
云南,2010,2794.0,2.628,7735.3,73.42632,2720.57368,3687.89420763591,2.0974842456119807
西藏,2010,169.0,3.057,512.9,5.16633,163.83367,227.1865552969447,2.2576159902139143
陕西,2010,2083.0,3.841,9845.2,80.00803,2002.99197,2883.638349382589,3.4141590612803236
甘肃,2010,1397.0,2.968,3943.7,41.46296,1355.53704,1871.1500946663978,2.107634235885877
青海,2010,310.0,4.62,1144.2,14.322,295.678,440.14915007021744,2.5995733487556767
宁夏,2010,342.0,4.827,1571.7,16.50834,325.49166,488.6059615492412,3.216702463098387
新疆,2010,1213.0,4.689,5360.2,56.877570000000006,1156.12243,1725.8642488647267,3.1058062669331834
北京,2011,1090.1,32.379,17188.8,352.96347899999995,737.1365209999999,2110.2613028342457,8.145341990072081
天津,2011,677.0,13.436,8112.5,90.96172,586.03828,1138.766390871582,7.123936976916666
河北,2011,4087.0,4.291,21384.7,175.37317000000002,3911.62683,5743.495574439186,3.7232900631403503
山西,2011,1817.0,4.484,10894.4,81.47428,1735.52572,2569.065711114346,4.240607763697292
内蒙古,2011,1388.0,5.308,9458.1,73.67504,1314.32496,2010.359844466201,4.704680122832117
辽宁,2011,2364.88,5.864,16354.9,138.6765632,2226.2034368,3476.1355810423674,4.704908545338084
吉林,2011,1524.99,5.606,7734.6,85.4909394,1439.4990606,2226.599939941308,3.4737268519839626
黑龙江,2011,2066.0,3.864,9935.0,79.83023999999999,1986.16976,2862.3828441686637,3.4708844137463633
上海,2011,1104.33,16.386,20009.7,180.9555138,923.3744862,1921.8621512457646,10.411620826722443
江苏,2011,4749.23,5.963,48839.2,283.1965849,4466.0334151,6998.465791290549,6.97855808065525
浙江,2011,3385.0,6.836,31854.8,231.3986,3153.6014,5093.495184562181,6.254015925360716
安徽,2011,4120.9,3.169,16284.9,130.591321,3990.308679,5564.644688770664,2.926494126904919
福建,2011,2181.0,7.213,17917.7,157.31553,2023.68447,3309.462662121913,5.414081326577588
江西,2011,2378.0,3.158,11584.5,75.09724,2302.90276,3209.725053763279,3.6091876425420364
山东,2011,5915.0,5.395,39064.9,319.11425,5595.88575,8587.62184694875,4.548977667650802
河南,2011,5129.0,3.023,26318.7,155.04967,4973.95033,6885.370527266829,3.822408670059953
湖北,2011,3387.0,5.66,19942.5,191.7042,3195.2958,4952.313546996076,4.026905770555768
湖南,2011,4005.03,5.116,18915.0,204.8973348,3800.1326652,5769.8382671904055,3.2782548009288597
广东,2011,6087.0,4.681,53072.8,284.93247,5802.06753,8658.53450875519,6.129536117957923
广西,2011,2936.0,2.691,10299.9,79.00776,2856.99224,3886.2095710311123,2.650371734138663
海南,2011,465.21,4.395,2463.8,20.4459795,444.7640205,655.9311162454811,3.756187104070738
重庆,2011,1587.04,4.66,10161.2,73.956064,1513.083936,2256.074326199151,4.503929627672665
四川,2011,4650.0,3.378,21050.9,157.077,4492.923,6330.160547175179,3.3254922751357263
贵州,2011,1772.0,3.378,5615.6,59.85816,1712.14184,2412.2676321708427,2.327934067144292
云南,2011,2844.0,3.684,9523.1,104.77296,2739.22704,3915.441879138273,2.4321903616395613
西藏,2011,171.0,8.639,611.5,14.772689999999995,156.22731,267.0811661079089,2.289566160396856
陕西,2011,2087.0,5.987,12175.1,124.94869,1962.05131,3077.2640878013985,3.9564690103340134
甘肃,2011,1379.0,4.494,4816.9,61.97226,1317.02774,1950.381433126742,2.469722033949952
青海,2011,304.0,7.033,1370.4,21.38032,282.61968,459.46702797310553,2.9825861630276007
宁夏,2011,347.0,6.038,1931.8,20.95186,326.04814,512.303538770837,3.770811352650309
新疆,2011,1235.0,5.072,6532.0,62.6392,1172.3608,1776.9805997389942,3.6758983192947805
北京,2012,1115.3,34.315,19024.7,382.715195,732.584805,2174.3020519330676,8.749796277424313
天津,2012,693.0,14.055,9043.0,97.40115,595.59885,1174.7136615404527,7.698046167388165
河北,2012,4063.0,4.402,23077.5,178.85326,3884.14674,5729.964074918679,4.027512162077128
山西,2012,1834.0,5.461,11683.1,100.15474,1733.84526,2667.4334315721503,4.379903116500318
内蒙古,2012,1379.0,5.612,10470.1,77.38948,1301.61052,2013.7628259604676,5.199271664480284
辽宁,2012,2423.82,5.516,17848.6,133.69791120000002,2290.1220888000003,3530.498886878287,5.0555461343827135
吉林,2012,1489.99,6.217,8678.0,92.6326783,1397.3573217,2209.5480622887517,3.9274999933746306
黑龙江,2012,2039.0,3.356,11015.8,68.42884,1970.57116,2773.421945794798,3.9719163601134366
上海,2012,1115.5,17.751,21305.6,198.012405,917.487595,1967.964486635346,10.82621162357785
江苏,2012,4770.54,6.22,53701.9,296.727588,4473.812412,7074.886819536699,7.590495985279477
浙江,2012,3407.0,8.248,34382.4,281.00936,3125.99064,5281.494736308844,6.509975246899391
安徽,2012,4206.8,4.017,18341.7,168.98715600000003,4037.812844,5858.875674983239,3.1305835824980996
福建,2012,2202.0,7.234,20190.7,159.29268,2042.70732,3342.8563861563252,6.0399543586781546
江西,2012,2364.0,2.984,12807.7,70.54176000000001,2293.45824,3168.449080392544,4.042261584463663
山东,2012,5892.0,5.663,42957.3,333.66396000000003,5558.33604,8615.686042198784,4.985940735258849
河南,2012,5110.0,3.141,28961.9,160.5051,4949.4949,6892.603908751455,4.20188079620061
湖北,2012,3398.0,5.463,22590.9,185.63274,3212.36726,4942.435866405715,4.570802861308298
湖南,2012,4019.31,5.205,21207.2,209.2050855,3810.1049145,5804.911662635812,3.6533200214748036
广东,2012,6171.0,4.395,57007.7,271.21545,5899.78455,8700.911240839328,6.551922944854772
广西,2012,2768.3,2.914,11303.6,80.66826200000001,2687.631738,3699.5498723769024,3.055398734964915
海南,2012,475.9,5.534,2789.4,26.336306,449.563694,693.5221221445499,4.022077899079056
重庆,2012,1605.89,5.239,11595.4,84.13257709999999,1521.7574229000002,2321.5138501045967,4.99475805387832
四川,2012,4635.0,3.832,23922.4,177.6132,4457.3868,6414.540090232037,3.729402211770204
贵州,2012,1780.0,2.951,6742.2,52.5278,1727.4722,2382.4626601779064,2.8299289271952484
云南,2012,2835.0,3.588,11097.4,101.7198,2733.2802,3889.5685663586987,2.8531184913367045
西藏,2012,174.0,3.422,710.2,5.95428,168.04572,237.26424802940755,2.9932870455559524
陕西,2012,2091.0,6.798,14142.4,142.14618000000002,1948.85382,3143.657828340069,4.498708438464992
甘肃,2012,1358.0,4.749,5393.1,64.49142,1293.50858,1935.6511234521531,2.7861942344143253
青海,2012,299.0,6.769,1528.5,20.23931,278.76069,449.22548413267174,3.4025229066225045
宁夏,2012,344.47,5.436,2131.0,18.7253892,325.74461080000003,500.6710834409612,4.256287352076098
新疆,2012,1246.0,5.893,7411.8,73.42678,1172.57322,1832.8501541580495,4.043865770033304
北京,2013,1137.2,33.117,21134.6,376.606524,760.593476,2207.610136673672,9.573520092567009
天津,2013,711.0,16.522,9945.4,117.47141999999998,593.52858,1239.1009187766429,8.026303466725725
河北,2013,4032.0,4.203,24259.6,169.46496000000002,3862.53504,5650.103020270586,4.293656224136988
山西,2013,1855.0,5.606,11987.2,103.9913,1751.0087,2708.4393265471426,4.425869866275313
内蒙古,2013,1370.0,6.42,11392.4,87.954,1282.046,2041.5983141253407,5.580137836703063
辽宁,2013,2518.88,6.276,19208.8,158.0849088,2360.7950912,3740.691894995035,5.135092795453418
吉林,2013,1457.0,6.724,9427.9,97.96868,1359.03132,2186.773949929861,4.311328109749246
黑龙江,2013,1997.0,4.355,11849.1,86.96935000000002,1910.03065,2812.142009984954,4.21354965642841
上海,2013,1368.91,18.499,23204.1,253.2346609,1115.6753391000002,2431.9766322888345,9.541251215955004
江苏,2013,4791.9,6.673,59349.4,319.763487,4472.136513,7183.57386216173,8.261820806578326
浙江,2013,3436.0,8.259,37334.6,283.77924,3152.22076,5327.597009497555,7.007774787290269
安徽,2013,4275.9,4.058,20584.0,173.51602199999996,4102.383978,5963.299595328972,3.4517802889063907
福建,2013,2210.0,7.827,22503.8,172.9767,2037.0233,3397.1942861336734,6.624231087357515
江西,2013,2362.0,3.777,14300.2,89.21274,2272.78726,3262.5810988504973,4.383094110683833
山东,2013,5840.0,6.66,47344.3,388.944,5451.056,8752.150768668407,5.409447489123086
河南,2013,5094.0,3.656,31632.5,186.23664,4907.76336,7006.07254891807,4.515011767168315
湖北,2013,3404.0,4.863,25378.0,165.53652000000002,3238.46348,4868.355113524434,5.21284898250318
湖南,2013,4036.45,4.771,23545.2,192.5790295,3843.8709705,5757.204417134663,4.0896932424223955
广东,2013,6273.0,5.638,62503.4,353.67174,5919.32826,9166.78584234934,6.818464080533282
广西,2013,2782.26,2.991,12448.4,83.21739660000001,2699.0426034,3730.1150496092414,3.3372697180758717
海南,2013,490.56,5.029,3115.9,24.6702624,465.8897376,704.9766231994073,4.419862868443862
重庆,2013,1618.69,5.543,13027.6,89.72398670000001,1528.9660133,2359.459670659055,5.521433640932321
四川,2013,4634.0,4.265,26518.0,197.6401,4436.3599,6506.754777617178,4.075457106700906
贵州,2013,1796.0,3.652,7973.1,65.58992,1730.41008,2469.7876778760315,3.2282532103555996
云南,2013,2835.0,4.242,12825.5,120.2607,2714.7393,3977.7623524346786,3.224300212945066
西藏,2013,175.0,2.589,828.2,4.53075,170.46925,230.58249920388616,3.591773022061346
陕西,2013,2090.0,7.182,15905.4,150.1038,1939.8962,3169.2326741265015,5.0186911582261216
甘肃,2013,1352.0,5.761,6014.5,77.88872,1274.11128,1982.0441150800848,3.034493508110935
青海,2013,296.0,6.776,1713.3,20.05696,275.94304,444.7894958061005,3.8519344907076856
宁夏,2013,345.0,5.169,2327.7,17.83305,327.16695,497.766286564772,4.676290988013925
新疆,2013,1260.0,6.849,8392.6,86.2974,1173.7026,1896.5138890966637,4.425277372472877
北京,2014,1141.8,37.37,22926.0,426.69066,715.10934,2246.572331762095,10.20487952952667
天津,2014,718.0,15.85,10640.6,113.803,604.197,1242.4403920027519,8.564274043640745
河北,2014,3978.0,5.53,25208.9,219.9834,3758.0166,5796.46228327611,4.349014755557445
山西,2014,1842.0,5.99,12094.7,110.3358,1731.6642,2716.2186336114323,4.452771161472786
内蒙古,2014,1360.0,6.92,12158.2,94.112,1265.888,2050.319495468583,5.929905083998309
辽宁,2014,2562.23,7.5,20025.7,192.16725,2370.06275,3911.9684057585937,5.119085310229313
吉林,2014,1427.01,7.25,9966.5,103.458225,1323.551775,2167.0973390002,4.599008923428465
黑龙江,2014,1946.0,4.63,12170.8,90.0998,1855.9002,2763.841639536555,4.403580807922417
上海,2014,1365.63,23.25,25269.8,317.508975,1048.121025,2519.385316041836,10.030144987786528
江苏,2014,4812.82,7.09,64830.5,341.228938,4471.591062,7283.314905282383,8.901235336258805
浙江,2014,3459.0,9.72,40023.5,336.2148,3122.7852,5508.318522300485,7.266010459991455
安徽,2014,4311.03,4.8,22519.7,206.92944,4104.10056,6154.135239083743,3.659279350408432
福建,2014,2219.0,8.11,24942.1,179.9609,2039.0391,3430.5235227946505,7.2706395494064715
江西,2014,2348.0,4.14,15667.8,97.2072,2250.7928,3283.5068484370595,4.771666612316594
山东,2014,5798.0,7.49,50774.8,434.2702000000001,5363.7298,8850.414135068806,5.736997074386651
河南,2014,5082.0,4.57,34574.8,232.24740000000003,4849.7526,7204.5856232371325,4.798999110855873
湖北,2014,3408.0,6.07,28242.1,206.8656,3201.1344,5035.51907925731,5.608577696852939
湖南,2014,4044.13,5.53,25881.3,223.64038900000003,3820.489611,5892.822275933991,4.392004168477643
广东,2014,6428.0,5.78,68173.0,371.5384,6056.4616,9428.138698477413,7.230801559061655
广西,2014,2795.0,3.26,13587.8,91.117,2703.883,3787.7128634423957,3.5873363398647298
海南,2014,504.1,6.94,3449.0,34.98454,469.11546,760.3170062660821,4.536265757013702
重庆,2014,1632.12,5.77,14623.8,94.173324,1537.9466759999998,2393.260067566203,6.1104098957667805
四川,2014,4638.0,3.88,28891.3,179.9544,4458.0456,6429.362521792438,4.49364923848553
贵州,2014,1820.0,3.79,9173.1,68.97800000000001,1751.022,2515.0740838673246,3.6472484285214004
云南,2014,2859.0,4.62,14041.7,132.0858,2726.9142,4059.311032421781,3.4591338007481376
西藏,2014,176.0,3.0,939.7,5.28,170.72,236.04670182449658,3.9809918661717956
陕西,2014,2101.0,8.41,17402.5,176.6941,1924.3059,3267.2135295479816,5.326404240988691
甘肃,2014,1348.0,6.06,6518.4,81.68879999999999,1266.3112,1991.2524927415673,3.273517559305315
青海,2014,293.0,7.2,1847.7,21.096,271.904,444.47391569507926,4.157049344752934
宁夏,2014,344.0,6.67,2473.9,22.9448,321.0552,515.6571857273677,4.797567198662042
新疆,2014,1265.0,5.97,9264.5,75.5205,1189.4795,1864.4333543597654,4.969070081446473
北京,2015,1164.4,32.815,24779.1,382.09786,782.30214,2257.8641714613614,10.974575137512447
天津,2015,718.0,19.613,10879.5,140.82134,577.17866,1288.1896958753443,8.44557291122191
河北,2015,3927.0,6.539,26398.4,256.78653,3670.21347,5868.609004223619,4.498237994898136
山西,2015,1827.0,9.928,11836.4,181.38456,1645.61544,2919.6833622117733,4.0540012499963245
内蒙古,2015,1351.0,7.899,12949.0,106.71549,1244.28451,2079.791962590313,6.226103491559052
辽宁,2015,2409.89,10.142,20210.3,244.4110438,2165.4789562,3864.9047380858747,5.229184512839846
吉林,2015,1399.0,8.138,10018.0,113.85062,1285.14938,2164.0230158776026,4.6293407817279055
黑龙江,2015,1825.0,8.571,11690.0,156.42075,1668.57925,2846.7639995995896,4.106416970863848
上海,2015,1361.51,26.76,26887.0,364.34007600000007,997.169924,2567.0123283180737,10.474043970648388
江苏,2015,4832.5,10.926,71255.9,527.99895,4304.50105,7847.64313734781,9.07991084111422
浙江,2015,3505.0,12.341,43507.7,432.55205,3072.44795,5810.639745745893,7.487592055909681
安徽,2015,4342.1,5.949,23831.2,258.311529,4083.788471,6396.256414742152,3.7258043541021317
福建,2015,2255.0,9.052,26819.5,204.1226,2050.8774,3549.0331173030145,7.556846925221342
江西,2015,2338.0,5.327,16780.9,124.54526,2213.45474,3388.0957977090134,4.95290009548934
山东,2015,5773.0,6.445,55288.8,372.06985,5400.93015,8608.153096939195,6.422841157374288
河南,2015,5075.0,5.149,37084.1,261.31175,4813.68825,7318.0990174862445,5.067449881641302
湖北,2015,3398.0,7.643,30344.0,259.70914,3138.29086,5203.59443986789,5.83135375953134
湖南,2015,3980.3,6.673,28538.6,265.605419,3714.694581,5966.8981079660125,4.782820065571422
广东,2015,6566.0,7.594,74732.4,498.62204,6067.37796,10044.694223910024,7.4399875530416555
广西,2015,2595.0,5.386,14797.8,139.7667,2455.2333,3766.5969547094423,3.928692179687038
海南,2015,510.76,6.275,3734.2,32.05019,478.70981,758.4916319355594,4.9231920864714995
重庆,2015,1647.41,8.406,16040.5,138.4812846,1508.9287154,2561.6493272626594,6.261786041237987
四川,2015,4652.0,5.005,30342.0,232.8326,4419.1674,6680.720025609487,4.541726024094518
贵州,2015,1842.0,4.159,10541.0,76.60878,1765.39122,2577.5119783848836,4.089602720917396
云南,2015,2823.0,4.968,14960.0,140.24664,2682.75336,4049.779759677686,3.694028042944893
西藏,2015,181.0,4.194,1043.0,7.59114,173.40886,253.5636529813763,4.1133655700906235
陕西,2015,2107.0,7.579,17898.8,159.68953,1947.31047,3222.284885073548,5.554691977395246
甘肃,2015,1346.0,6.594,6556.6,88.75524000000001,1257.24476,2014.0929887748935,3.2553611161658256
青海,2015,292.0,7.97,2011.0,23.2724,268.7276,450.1636645786889,4.467264149100323
宁夏,2015,343.0,8.684,2579.4,29.78612,313.21388,536.1779098690697,4.81071665304128
新疆,2015,1292.0,10.654,9306.9,137.64968000000002,1154.35032,2089.235102478303,4.454692527882536
北京,2016,1187.6,34.355,27041.2,407.99998,779.60002,2315.5659437553945,11.678009029682165
天津,2016,705.0,19.78,11477.2,139.449,565.5509999999999,1266.6601157248037,9.060994230036648
河北,2016,3871.0,6.748,28474.1,261.21508,3609.78492,5813.091920235079,4.89827107341673
山西,2016,1832.0,9.832,11946.4,180.12224000000003,1651.87776,2922.94440250158,4.087111609025393
内蒙古,2016,1326.0,8.535,13789.3,113.1741,1212.8259,2066.9736289212724,6.671251053742985
辽宁,2016,2301.16,10.282,20392.5,236.6052712,2064.5547288,3698.993368488485,5.512986363728725
吉林,2016,1367.99,8.044,10427.0,110.0411156,1257.9488844,2112.1031596932057,4.93678538008275
黑龙江,2016,1776.0,8.949,11895.0,158.93424,1617.06576,2789.9173883421117,4.26356710406702
上海,2016,1365.24,28.046,29887.0,382.8952104,982.3447896,2591.837105653255,11.531203073993797
江苏,2016,4850.22,11.32,77350.9,549.044904,4301.175096,7923.679462996385,9.761992564341984
浙江,2016,3552.0,12.741,47254.0,452.56032,3099.43968,5920.6987257998835,7.981152595062335
安徽,2016,4361.6,6.096,26307.7,265.88313600000004,4095.716864,6448.686048986389,4.0795442358579495
福建,2016,2248.0,9.395,29609.4,211.1996,2036.8004,3559.749106742353,8.317833395594716
江西,2016,2332.0,4.835,18388.6,112.7522,2219.2478,3332.450042321274,5.518042211126775
山东,2016,5728.0,6.756,58762.5,386.9836800000001,5341.01632,8603.3338244132,6.830201082428411
河南,2016,5052.0,5.08,40249.3,256.6416,4795.3584,7270.727971022532,5.535800563631796
湖北,2016,3385.0,7.468,33353.0,252.7918,3132.2082,5164.659010993691,6.457928767224231
湖南,2016,3920.41,6.984,30853.5,273.8014344,3646.6085656,5918.856052268218,5.212747147005941
广东,2016,6703.0,7.611,82163.2,510.16533,6192.83467,10257.923089494901,8.009730554925198
广西,2016,2583.0,5.308,16116.6,137.10564,2445.89436,3741.1811802998527,4.3078908032752015
海南,2016,513.14,6.456,4090.2,33.128318400000005,480.0116816,765.3461047933948,5.34424879722116
重庆,2016,1647.41,8.562,18023.0,141.0512442,1506.3587558000002,2569.3075576866536,7.014730465443966
四川,2016,4657.0,5.444,33138.5,253.52708,4403.47292,6770.196281717979,4.894762074991259
贵州,2016,1859.0,5.032,11792.4,93.54488,1765.45512,2671.7712774102824,4.413701165105061
云南,2016,2855.0,4.67,16369.0,133.3285,2721.6715,4059.7844265058375,4.031987485130687
西藏,2016,185.0,5.79,1173.0,10.7115,174.2885,271.4150743273417,4.321793853591553
陕西,2016,2111.0,8.323,19045.8,175.69853,1935.30147,3277.241181550093,5.811534441597484
甘肃,2016,1341.0,6.77,6907.9,90.7857,1250.2143,2014.7999120674033,3.4285786685943145
青海,2016,289.0,8.637,2258.2,24.960930000000005,264.03907,451.36576909601473,5.003037790222046
宁夏,2016,343.0,10.262,2781.4,35.19866,307.80134,551.1748756618281,5.0463112939613035
新疆,2016,1320.0,11.233,9630.8,148.27560000000005,1171.7244,2153.638143188374,4.471874734602346
北京,2017,1191.3,37.54,29883.0,447.21402,744.0859800000001,2345.016919077535,12.74319164049151
天津,2017,684.0,20.973,12450.6,143.45532,540.54468,1240.9345025896585,10.033245085874656
河北,2017,3795.0,6.705,30640.8,254.45475,3540.54525,5693.32405711189,5.381882305070031
山西,2017,1812.0,9.634,14484.3,174.56808,1637.43192,2881.2863908329023,5.027025444635852
内蒙古,2017,1317.0,9.481,14898.1,124.86477,1192.13523,2088.6364203505354,7.132931253539883
辽宁,2017,2284.66,10.799,21693.0,246.7204334,2037.9395666,3702.829712149515,5.858492473694417
吉林,2017,1339.0,8.842,10922.0,118.39438,1220.60562,2099.2969041221086,5.202694282335162
黑龙江,2017,1699.0,8.643,12313.0,146.84457,1552.15543,2653.831077608003,4.639707517140905
上海,2017,1372.65,29.793,32925.0,408.9536145,963.6963855,2628.209031078683,12.527542372262054
江苏,2017,4872.8,11.704,85869.8,570.3125120000001,4302.487488,8005.697985654719,10.726085364932416
浙江,2017,3613.0,13.895,52403.1,502.02635,3110.97365,6112.4325327607285,8.573198921891695
安徽,2017,4377.9,5.638,29676.2,246.826002,4131.073998,6397.4608224487765,4.638746656464986
福建,2017,2236.0,9.883,33842.4,220.98388,2015.01612,3570.595190250805,9.478083679831219
江西,2017,2317.0,4.983,20210.8,115.45611,2201.54389,3325.3287034170307,6.077835246552273
山东,2017,5693.0,7.181,63012.1,408.81433,5284.18567,8632.5583506892,7.299354077921673
河南,2017,5029.0,4.953,44824.9,249.08637,4779.91363,7211.302760856269,6.215922626812232
湖北,2017,3379.0,7.617,37235.0,257.37843,3121.62157,5171.694127552981,7.19976840889041
湖南,2017,3817.22,7.139,33828.1,272.5113358,3544.7086642,5782.898807031276,5.849678704194044
广东,2017,6858.0,7.859,91648.7,538.9702199999999,6319.02978,10548.94506635531,8.687949309007529
广西,2017,2566.0,5.596,17790.7,143.59336,2422.40664,3745.5617978281766,4.749808162373864
海南,2017,525.87,6.721,4497.5,35.3437227,490.5262773,789.210272058449,5.698734746912816
重庆,2017,1659.33,8.671,20066.3,143.88050429999998,1515.4494957,2593.2328593649268,7.737947607572026
四川,2017,4667.0,5.48,37905.1,255.7516,4411.2484,6791.319972412294,5.581403932369279
贵州,2017,1881.0,5.332,13605.4,100.29492,1780.70508,2726.2116268537566,4.9905883556448645
云南,2017,2831.0,4.871,18486.0,137.89801,2693.10199,4049.808278849532,4.56466052888101
西藏,2017,187.0,5.777,1349.0,10.80299,176.19701,274.2571953952199,4.918740593317946
陕西,2017,2111.0,8.897,21473.5,187.81567,1923.18433,3313.0052470308956,6.481577419548152
甘肃,2017,1337.0,7.101,7336.7,94.94037,1242.05963,2023.7942947761371,3.625220220719889
青海,2017,287.0,9.045,2465.1,25.95915,261.04085,451.6377670071786,5.458135213835689
宁夏,2017,344.0,10.149,3200.3,34.91256,309.08744,551.759801638781,5.800168824359429
新疆,2017,1336.0,11.462,11159.9,153.13232,1182.86768,2187.199793447855,5.102368806650156
北京,2018,1189.6,39.497,33106.0,469.856312,719.743688,2352.6582355651135,14.071742125369887
天津,2018,672.0,24.338,13362.9,163.55136000000002,508.44864,1248.7407270590502,10.701100485023339
河北,2018,3739.0,7.338,32494.6,274.36782,3464.63218,5688.957515771507,5.711872502108719
山西,2018,1789.0,10.296,15958.1,184.19544,1604.80456,2876.3779141461473,5.547984470857392
内蒙古,2018,1304.0,9.528,16140.8,124.24512,1179.75488,2069.712182575635,7.79857225361341
辽宁,2018,2260.6,10.55,23510.5,238.4933,2022.1067,3649.4972601817744,6.4421201946125
吉林,2018,1314.01,9.256,11253.8,121.6247656,1192.3852344,2075.649218104743,5.42182171334121
黑龙江,2018,1635.0,8.396,12846.5,137.27460000000002,1497.7254,2541.8619634648703,5.053972318185462
上海,2018,1375.66,30.879,36011.8,424.7900514,950.8699486,2646.754165418927,13.606023736737964
江苏,2018,4886.9,12.562,93207.6,613.892378,4273.007621999999,8126.138682333676,11.47009713268055
浙江,2018,3691.0,13.974,58002.8,515.78034,3175.21966,6250.465472171472,9.279756885025918
安徽,2018,4385.3,6.693,34010.9,293.508129,4091.791871,6577.079346845497,5.17112508553091
福建,2018,2222.0,11.084,38687.8,246.28648,1975.71352,3617.122257480268,10.695740217238441
江西,2018,2295.0,5.777,22716.5,132.58215,2162.41785,3365.883761668609,6.749044711139544
山东,2018,5621.0,7.546,66648.9,424.16066,5196.83934,8590.373539565788,7.758556678941444
河南,2018,4992.0,5.193,49935.9,259.23456,4732.76544,7207.3070815772735,6.928510112694108
湖北,2018,3377.0,8.469,42022.0,285.99813,3091.00187,5257.447558052607,7.992851956390265
湖南,2018,3738.58,7.336,36329.7,274.2622288,3464.3177712,5688.0737939893625,6.386995196579536
广东,2018,6960.0,8.438,99945.2,587.2848,6372.7152,10829.159480656726,9.22926660915136
广西,2018,2562.0,5.411,19627.8,138.62982,2423.37018,3721.2262451252,5.2745516416026526
海南,2018,535.5,7.784,4910.7,41.68332,493.81668,822.4419362433982,5.970877436564347
重庆,2018,1663.23,8.781,21588.8,146.0482263,1517.1817737,2604.6793231684287,8.288467531480451
四川,2018,4690.0,5.459,42902.1,256.0271,4433.9729,6820.931461183669,6.2897714548439385
贵州,2018,1886.0,5.579,15353.2,105.21994,1780.78006,2751.7333794336373,5.579464970970408
云南,2018,2822.0,4.889,20880.6,137.96758,2684.03242,4039.06114493717,5.169666724697432
西藏,2018,187.0,7.521,1548.4,14.06427,172.93573,285.63497958365684,5.420904688413711
陕西,2018,2112.0,9.343,23941.9,197.32416,1914.67584,3341.327949410237,7.165384650203485
甘肃,2018,1337.0,7.689,8104.1,102.80193,1234.19807,2049.398606394693,3.9543795798010968
青海,2018,285.0,10.533,2748.0,30.01905,254.98095,459.97755155559247,5.974204590433973
宁夏,2018,345.0,10.61,3510.2,36.6045,308.3955,557.4962407173359,6.296365327026046
新疆,2018,1331.0,12.139,12809.4,161.57009,1169.42991,2200.355843846217,5.821512932021577
北京,2019,1183.5,40.7,35445.1,481.68450000000007,701.8154999999999,2346.347622364599,15.106499847741736
天津,2019,659.0,25.5,14055.5,168.045,490.955,1233.465083273126,11.39513407440954
河北,2019,3702.0,7.9,34978.6,292.458,3409.542,5699.145797618191,6.137516259825883
山西,2019,1762.0,11.0,16961.6,193.82,1568.18,2864.62350346798,5.921057332478733
内蒙古,2019,1272.0,11.7,17212.5,148.82399999999998,1123.176,2089.6932065854526,8.236855030086035
辽宁,2019,2238.43,12.4,24855.3,277.56532,1960.86468,3713.920470834559,6.692469640959958
吉林,2019,1286.0,10.8,11726.8,138.888,1147.112,2084.298419028875,5.6262576860101445
黑龙江,2019,1551.0,10.0,13544.4,155.1,1395.9,2481.6000000000004,5.457930367504835
上海,2019,1376.2,31.2,37987.6,429.3744,946.8256,2651.413980325875,14.3272986722847
江苏,2019,4903.2,13.0,98656.8,637.4159999999999,4265.784,8201.125999257107,12.029665195844663
浙江,2019,3771.0,15.1,62462.0,569.4209999999999,3201.579,6471.404648017774,9.652000361178533
安徽,2019,4384.0,8.5,36845.5,372.64,4011.36,6829.234704808519,5.395260463673446
福建,2019,2210.0,11.0,42326.6,243.1,1966.9,3592.9727256891224,11.78038444249027
江西,2019,2278.0,6.7,24667.3,152.626,2125.374,3417.10022759018,7.21878152734079
山东,2019,5561.0,9.2,70540.5,511.612,5049.388,8775.546620259849,8.038302689560693
河南,2019,4934.0,7.3,53717.8,360.182,4573.818,7501.027007942067,7.161392692377156
湖北,2019,3375.0,9.4,45429.0,317.25,3057.75,5344.843838988258,8.499593508909589
湖南,2019,3666.48,9.2,39894.1,337.31616,3329.16384,5785.895733186535,6.895060305213735
广东,2019,6995.0,10.8,107986.9,755.46,6239.54,11337.221960425331,9.524987724236874
广西,2019,2558.0,6.5,21237.1,166.27,2391.73,3819.2263034047455,5.560576491910849
海南,2019,536.11,9.1,5330.8,48.78601,487.32399,844.490239635291,6.3124471424349515
重庆,2019,1668.16,11.1,23605.8,185.16576,1482.99424,2716.205333991278,8.690727355767647
四川,2019,4714.0,8.1,46363.8,381.834,4332.166,7286.289464616298,6.363156476990386
贵州,2019,1888.0,7.3,16769.3,137.82399999999998,1750.176,2870.275433926758,5.842400977197615
云南,2019,2812.0,6.9,23223.8,194.028,2617.972,4237.426071342881,5.480638389672284
西藏,2019,190.0,7.6,1697.8,14.44,175.56,290.6992830163154,5.840399681703761
陕西,2019,2114.0,10.3,25793.2,217.742,1896.258,3399.1381395569897,7.588158804090743
甘肃,2019,1333.0,8.6,8718.3,114.638,1218.362,2080.450554768675,4.190582650482355
青海,2019,282.0,11.4,2941.1,32.148,249.852,461.2455533172302,6.376430035689046
宁夏,2019,343.0,12.9,3748.5,44.247,298.753,572.9471590692087,6.542488152118061
新疆,2019,1343.0,11.7,13597.1,157.13099999999997,1185.869,2206.334887141716,6.162754384768353
北京,2020,1163.8,43.8,35943.3,509.7443999999999,654.0556,2318.618045215159,15.502035824388921
天津,2020,647.0,25.2,14008.0,163.04399999999998,483.956,1208.804670909739,11.58830730647133
河北,2020,3671.0,8.9,36013.8,326.719,3344.281,5761.588571707976,6.250671937396599
山西,2020,1738.0,11.5,17835.6,199.87,1538.13,2846.9202732387935,6.2648751240614695
内蒙古,2020,1242.0,11.7,17258.0,145.314,1096.686,2040.4079894490035,8.458112342845899
辽宁,2020,2231.0,12.6,25011.4,281.106,1949.894,3711.7118595648512,6.738507984003978
吉林,2020,1261.0,10.6,12256.0,133.666,1127.334,2037.3664764632745,6.015608944972707
黑龙江,2020,1473.0,9.3,13633.4,136.989,1336.011,2328.613957060075,5.854727426444038
上海,2020,1374.0,32.2,38963.3,442.42800000000005,931.572,2657.9837021021726,14.658968739794876
江苏,2020,4893.0,13.1,102807.7,640.983,4252.017,8194.799880496092,12.545480243475609
浙江,2020,3857.0,14.7,64689.1,566.9789999999999,3290.021,6588.573038788456,9.818377912661859
安徽,2020,3243.0,8.3,38061.5,269.16900000000004,2973.831,5032.3720870059415,7.563331832770946
福建,2020,2206.0,11.5,43608.6,253.69,1952.31,3613.5248117173633,12.068161219923818
江西,2020,2264.0,7.5,25782.0,169.8,2094.2,3456.6360048229303,7.458696826633532
山东,2020,5510.0,8.9,72798.2,490.39,5019.61,8647.876063773074,8.418043859920687
河南,2020,4884.0,7.3,54259.4,356.532,4527.468,7425.013357679176,7.307650153098145
湖北,2020,3261.0,9.5,43004.5,309.795,2951.205,5173.347827122462,8.3127022263106
湖南,2020,3280.0,9.3,41542.6,305.04,2974.96,5185.236781505123,8.011707420609131
广东,2020,7039.0,10.8,111151.6,760.2120000000001,6278.788,11408.5354366596,9.742845662978894
广西,2020,2558.0,6.7,22120.9,171.38600000000002,2386.614,3837.1125470481484,5.764985970249266
海南,2020,540.97,9.6,5566.2,51.93312,489.03688,859.7000486208705,6.474583791090032
重庆,2020,1676.01,11.0,25041.4,184.3611,1491.6489,2724.82272306888,9.190102456205548
四川,2020,4745.0,8.1,48501.6,384.345,4360.655,7334.205241748905,6.613068274107144
贵州,2020,1892.0,7.3,17860.4,138.116,1753.884,2876.356525947789,6.209383238440797
云南,2020,2806.0,7.0,24555.7,196.42,2609.58,4237.885056280705,5.794328933864672
西藏,2020,193.0,7.4,1902.7,14.282,178.718,294.0435643868524,6.470809874610117
陕西,2020,2105.0,10.5,26014.1,221.025,1883.975,3395.589902912617,7.661143054314663
甘肃,2020,1331.0,8.1,8979.7,107.811,1223.189,2057.287076241895,4.36482594174629
青海,2020,279.0,11.7,3009.8,32.643,246.357,458.35251936897896,6.566561484474087
宁夏,2020,344.0,12.8,3956.3,44.032,299.968,573.8537881001746,6.894264849410335
新疆,2020,1356.0,11.7,13800.7,158.652,1197.348,2227.691814567511,6.195066979082696
北京,2021,1158.0,43.72,41045.6,506.2776,651.7224,2306.829756819068,17.793077221527856
天津,2021,641.0,28.13,15685.1,180.3133,460.6867,1217.430183606341,12.883777822508643
河北,2021,3643.0,8.61,40397.1,313.6623,3329.3377,5686.807936630748,7.103651195917474
山西,2021,1715.0,11.29,22870.4,193.6235,1521.3765,2800.493883442464,8.166559525524447
内蒙古,2021,1218.0,13.56,21166.0,165.16080000000002,1052.8392,2051.997037268982,10.314829707634464
辽宁,2021,2190.0,14.34,27569.5,314.046,1875.954,3725.1037097004228,7.401001998469774
吉林,2021,1228.44,12.09,13163.8,148.51839600000002,1079.921604,2029.4099730497444,6.486515871515987
黑龙江,2021,1420.0,11.59,14858.2,164.578,1255.422,2329.0981067321613,6.3793791927669306
上海,2021,1365.0,34.22,43653.2,467.103,897.897,2660.238020428678,16.40950909834963
江苏,2021,4862.86,13.61,117392.4,661.8352459999999,4201.024754,8197.758050325183,14.320061567972642
浙江,2021,3897.0,13.71,74040.8,534.2787000000001,3362.7213,6577.768818549118,11.256218034177044
安徽,2021,3215.0,9.36,42565.2,300.924,2914.076,5087.875229398906,8.366007042399259
福建,2021,2197.0,12.71,49566.1,279.23870000000005,1917.7613,3660.575310426231,13.540521856994278
江西,2021,2242.0,8.35,29827.8,187.207,2054.793,3482.4380406146856,8.56520622969507
山东,2021,5475.0,9.9,82875.2,542.025,4932.975,8745.349078844645,9.476488502955071
河南,2021,4840.0,7.03,58071.4,340.25200000000007,4499.748,7314.710695411485,7.938987940620558
湖北,2021,3286.0,10.42,50091.2,342.4012,2943.5988,5293.876252599805,9.46210255205727
湖南,2021,3258.0,9.52,45713.5,310.1616,2947.8384,5170.38727739487,8.84140733516446
广东,2021,7072.0,11.96,124719.5,845.8112000000001,6226.1888,11661.631889532995,10.694858248093317
广西,2021,2544.0,7.89,25209.1,200.7216,2343.2784,3915.6363799395817,6.438059501426171
海南,2021,544.22,11.11,6504.1,60.462842,483.757158,886.26872524553,7.338744801355952
重庆,2021,1668.27,11.51,28077.3,192.017877,1476.252123,2733.102002853414,10.273052367122313
四川,2021,4727.0,8.34,54088.0,394.2318,4332.7682,7340.897478072744,7.368036423551864
贵州,2021,1886.0,7.58,19458.6,142.9588,1743.0412,2884.364819697809,6.7462339947824805
云南,2021,2774.0,8.0,27161.6,221.92,2552.08,4279.134669855159,6.34745155167537
西藏,2021,194.0,10.56,2080.2,20.4864,173.5136,313.24209013666274,6.6408700027906225
陕西,2021,2091.0,11.16,30121.7,233.3556,1857.6444,3407.8017672355086,8.839041134847305
甘肃,2021,1319.0,9.97,10225.5,131.5043,1187.4957,2109.3436993650553,4.84771637883292
青海,2021,277.0,12.57,3385.1,34.8189,242.1811,460.65706632514843,7.348416528165605
宁夏,2021,345.0,12.99,4588.2,44.8155,300.1845,576.973433476767,7.952185895894898
新疆,2021,1360.0,10.18,16311.6,138.44799999999998,1221.552,2182.487522813568,7.473857160462386
