地区,年份,总人数,高学历人数占比,gdp,高学历人数,低学历人数
北京,2001,628.88,8.2,3861.5,51.56816,577.31184
天津,2001,488.34,3.6,1756.9,17.58024,470.75975999999997
河北,2001,3409.16,0.8,5062.9,27.27328,3381.88672
山西,2001,1399.5,1.7,2029.5,23.7915,1375.7085
内蒙古,2001,1067.0,1.6,1713.8,17.072,1049.928
辽宁,2001,2069.3,1.3,5033.1,26.9009,2042.3991
吉林,2001,1167.41,2.2,1900.9,25.683020000000006,1141.7269800000001
黑龙江,2001,1592.6,1.8,3043.4,28.6668,1563.9332
上海,2001,752.26,7.3,5257.7,54.91497999999999,697.34502
江苏,2001,4436.45,1.5,9456.8,66.54674999999999,4369.903249999999
浙江,2001,2796.65,1.0,6927.7,27.9665,2768.6835
安徽,2001,3463.02,1.3,3502.8,45.01926,3418.00074
福建,2001,1805.0,2.1,4072.9,37.905,1767.095
江西,2001,2054.8,1.0,2175.7,20.548000000000002,2034.2520000000002
山东,2001,5430.9,1.3,9076.2,70.6017,5360.2982999999995
河南,2001,5516.59,1.5,5533.0,82.74885,5433.84115
湖北,2001,3414.5,1.4,3880.5,47.80299999999999,3366.697
湖南,2001,3607.96,1.2,3831.9,43.295519999999996,3564.66448
广东,2001,4058.63,1.5,12126.6,60.87945,3997.75055
广西,2001,2578.3,0.8,2279.3,20.626400000000004,2557.6736
海南,2001,338.39,1.3,579.2,4.39907,333.99093
重庆,2001,1616.08,1.1,2014.6,17.776880000000002,1598.30312
四川,2001,4664.8,1.3,4293.5,60.64240000000001,4604.1576000000005
贵州,2001,2068.01,1.3,1133.3,26.884130000000006,2041.1258700000003
云南,2001,2322.53,0.7,2159.0,16.25771,2306.2722900000003
西藏,2001,126.33,0.1,139.2,0.12633,126.20367
陕西,2001,1784.8,1.3,2010.6,23.2024,1761.5976
甘肃,2001,1488.93,1.1,1125.4,16.378230000000002,1472.55177
青海,2001,285.66,1.1,300.1,3.1422600000000007,282.51774
宁夏,2001,278.99,1.9,337.4,5.30081,273.68919
新疆,2001,685.38,2.0,1491.6,13.7076,671.6724
北京,2002,679.2,11.4,4525.7,77.42880000000001,601.7712
天津,2002,492.61,5.4,1926.9,26.60094,466.00906000000003
河北,2002,3435.0,1.7,5518.9,58.395,3376.605
山西,2002,1403.39,1.7,2324.8,23.85763,1379.5323700000001
内蒙古,2002,1086.1,1.8,1940.9,19.549799999999998,1066.5502
辽宁,2002,2025.3,1.5,5458.2,30.379499999999997,1994.9205
吉林,2002,1186.6,2.5,2043.1,29.665,1156.935
黑龙江,2002,1588.6,1.5,3242.7,23.828999999999997,1564.771
上海,2002,792.04,7.0,5795.0,55.4428,736.5971999999999
江苏,2002,4472.84,1.2,10606.9,53.674080000000004,4419.16592
浙江,2002,2858.56,2.6,8040.7,74.32256000000001,2784.23744
安徽,2002,3500.5,0.9,3827.7,31.504500000000004,3468.9955
福建,2002,1840.0,2.2,4467.6,40.480000000000004,1799.52
江西,2002,2130.6,0.7,2450.5,14.9142,2115.6857999999997
山东,2002,5510.2,1.7,10076.5,93.6734,5416.5266
河南,2002,5522.03,1.6,6035.5,88.35248,5433.67752
湖北,2002,3443.0,1.3,4212.8,44.75900000000001,3398.241
湖南,2002,3644.52,1.4,4151.5,51.02327999999999,3593.49672
广东,2002,4134.37,2.3,13601.9,95.09051,4039.27949
广西,2002,2589.03,0.9,2523.7,23.301270000000002,2565.7287300000003
海南,2002,349.89,1.0,642.7,3.4989,346.3911
重庆,2002,1551.77,1.0,2279.8,15.5177,1536.2522999999999
四川,2002,4667.6,1.3,4725.0,60.67880000000001,4606.921200000001
贵州,2002,2106.14,1.2,1243.4,25.27368,2080.86632
云南,2002,2341.25,0.7,2358.7,16.38875,2324.86125
西藏,2002,130.2,0.0,162.0,0.0,130.2
陕西,2002,1874.0,1.0,2253.4,18.74,1855.26
甘肃,2002,1500.59,0.8,1232.0,12.004719999999999,1488.58528
青海,2002,287.72,1.4,340.7,4.02808,283.69192000000004
宁夏,2002,282.4,1.4,377.2,3.9536,278.4464
新疆,2002,701.49,3.5,1612.6,24.55215,676.93785
北京,2003,703.28,13.77,5267.2,96.84165599999999,606.438344
天津,2003,510.9,4.91,2257.8,25.085189999999997,485.81480999999997
河北,2003,3470.23,2.35,6333.6,81.550405,3388.679595
山西,2003,1469.5,1.98,2854.3,29.0961,1440.4039
内蒙古,2003,1005.2,1.93,2388.4,19.40036,985.7996400000001
辽宁,2003,2018.9,3.35,5906.3,67.63315,1951.26685
吉林,2003,1202.5,2.28,2141.0,27.416999999999998,1175.083
黑龙江,2003,1623.3,1.59,3609.7,25.81047,1597.48953
上海,2003,813.05,7.89,6804.0,64.14964499999999,748.900355
江苏,2003,4499.97,2.05,12442.9,92.249385,4407.720615
浙江,2003,2918.74,2.74,9753.4,79.973476,2838.7665239999997
安徽,2003,3544.9,1.51,4307.8,53.52799,3491.37201
福建,2003,1858.0,1.89,4999.6,35.1162,1822.8838
江西,2003,2168.2,2.21,2812.7,47.91722,2120.28278
山东,2003,5541.0,2.07,10903.2,114.69869999999999,5426.3013
河南,2003,5535.68,0.7,6942.4,38.74976,5496.930240000001
湖北,2003,3476.0,1.31,4757.5,45.5356,3430.4644
湖南,2003,3694.78,1.04,4660.0,38.425712000000004,3656.354288
广东,2003,4395.93,1.91,15979.8,83.96226300000001,4311.967737
广西,2003,2601.37,1.8,2798.2,46.82466,2554.5453399999997
海南,2003,360.34,2.2,714.0,7.92748,352.41252
重庆,2003,1499.99,1.06,2615.6,15.899894000000002,1484.090106
四川,2003,4683.5,1.32,5346.2,61.8222,4621.6778
贵州,2003,2145.0,2.54,1429.0,54.483000000000004,2090.517
云南,2003,2353.33,0.58,2633.4,13.649313999999999,2339.680686
西藏,2003,132.81,0.07,186.0,0.09296700000000001,132.71703300000001
陕西,2003,1912.1,2.25,2587.7,43.02224999999999,1869.07775
甘肃,2003,1510.85,1.51,1399.9,22.813834999999997,1488.036165
青海,2003,289.8,1.88,385.0,5.448239999999999,284.35176
宁夏,2003,291.4,1.66,442.6,4.8372399999999995,286.56275999999997
新疆,2003,721.27,4.95,1889.2,35.702865,685.567135
北京,2004,854.07,16.27,6252.5,138.957189,715.1128110000001
天津,2004,527.78,7.57,2621.1,39.952946,487.827054
河北,2004,3516.71,2.26,7588.6,79.477646,3437.232354
山西,2004,1474.61,2.08,3496.0,30.671888,1443.9381119999998
内蒙古,2004,1026.1,2.29,2942.4,23.49769,1002.6023099999999
辽宁,2004,2097.3,2.94,6469.8,61.66062000000001,2035.63938
吉林,2004,1222.0,2.32,2455.2,28.3504,1193.6496
黑龙江,2004,1681.06,1.39,4134.7,23.366733999999997,1657.693266
上海,2004,836.87,10.56,8101.6,88.373472,748.496528
江苏,2004,4537.07,1.81,14823.1,82.12096700000001,4454.949033
浙江,2004,2991.95,3.75,11482.1,112.198125,2879.751875
安徽,2004,3605.2,1.68,5129.1,60.56736,3544.63264
福建,2004,1886.0,2.25,5712.1,42.435,1843.565
江西,2004,2213.98,1.45,3398.1,32.102709999999995,2181.87729
山东,2004,5622.4,2.18,13308.1,122.56832,5499.831679999999
河南,2004,5587.45,1.45,8411.2,81.018025,5506.4319749999995
湖北,2004,3507.0,1.58,5546.8,55.4106,3451.5894
湖南,2004,3747.1,1.45,5542.6,54.332950000000004,3692.76705
广东,2004,4681.89,1.95,18658.3,91.296855,4590.593145000001
广西,2004,2631.78,1.63,3305.1,42.898014,2588.8819860000003
海南,2004,367.74,1.83,802.7,6.729642,361.010358
重庆,2004,1471.34,1.27,3059.5,18.686018,1452.6539819999998
四川,2004,4691.0,1.05,6304.0,49.255500000000005,4641.7445
贵州,2004,2186.0,1.85,1649.4,40.441,2145.559
云南,2004,2401.39,1.54,3136.4,36.981406,2364.408594
西藏,2004,137.3217,0.0,217.9,0.0,137.3217
陕西,2004,1941.1,3.04,3141.6,59.00944,1882.0905599999999
甘肃,2004,1520.46,2.18,1653.6,33.146028,1487.313972
青海,2004,290.42,1.81,443.7,5.256602,285.16339800000003
宁夏,2004,298.1,2.97,519.9,8.853570000000001,289.24643000000003
新疆,2004,744.49,3.45,2170.4,25.684905000000004,718.805095
北京,2005,878.0,16.385,7149.8,143.8603,734.1397
天津,2005,542.52,6.488,3158.6,35.1986976,507.3213024
河北,2005,3568.97,1.81,8773.4,64.598357,3504.371643
山西,2005,1500.2,2.254,4079.4,33.814508000000004,1466.385492
内蒙古,2005,1041.13,2.995,3523.7,31.181843500000003,1009.9481565000001
辽宁,2005,2120.3,3.552,7260.8,75.313056,2044.9869440000002
吉林,2005,1238.9,2.996,2776.5,37.117444,1201.782556
黑龙江,2005,1748.8,2.702,4756.4,47.252576,1701.5474239999999
上海,2005,863.32,10.54,9197.1,90.993928,772.3260720000001
江苏,2005,4578.75,2.754,18121.3,126.098775,4452.651225
浙江,2005,3100.76,2.351,13028.3,72.8988676,3027.8611324000003
安徽,2005,3669.72,1.534,5675.9,56.2935048,3613.4264952
福建,2005,1923.0,2.425,6415.5,46.632749999999994,1876.36725
江西,2005,2276.71,1.403,3941.2,31.9422413,2244.7677587
山东,2005,5689.2,1.673,15947.5,95.180316,5594.019684
河南,2005,5662.41,1.464,10243.5,82.8976824,5579.5123176
湖北,2005,3537.0,2.003,6469.7,70.84611000000001,3466.15389
湖南,2005,3801.48,1.653,6369.9,62.8384644,3738.6415356
广东,2005,5022.97,2.505,21963.0,125.82539849999999,4897.1446015
广西,2005,2703.06,1.46,3742.1,39.464676,2663.595324
海南,2005,379.55,2.174,884.9,8.251417,371.298583
重庆,2005,1456.3,1.823,3448.4,26.548348999999998,1429.751651
四川,2005,4702.0,1.37,7195.9,64.4174,4637.5826
贵州,2005,1944.29,1.364,1939.9,26.520115600000004,1917.7698844
云南,2005,2461.32,1.273,3497.7,31.3326036,2429.9873964000003
西藏,2005,143.6,0.2,243.1,0.2872,143.31279999999998
陕西,2005,1976.0,2.649,3817.2,52.34424,1923.65576
甘肃,2005,1391.36,1.545,1864.6,21.496512,1369.863488
青海,2005,291.04,3.035,499.4,8.833064,282.20693600000004
宁夏,2005,299.6,2.99,579.9,8.95804,290.64196000000004
新疆,2005,791.62,3.567,2520.5,28.2370854,763.3829146
北京,2006,919.7,19.401,8387.0,178.43099700000002,741.269003
天津,2006,562.92,7.562,3538.2,42.568010400000006,520.3519895999999
河北,2006,3609.99,1.424,10043.0,51.406257599999996,3558.5837423999997
山西,2006,1561.16,2.746,4713.6,42.86945360000001,1518.2905464
内蒙古,2006,1051.2,2.006,4161.8,21.087072,1030.112928
辽宁,2006,2128.1,3.589,8390.3,76.377509,2051.722491
吉林,2006,1250.5,2.395,3226.5,29.949475000000003,1220.550525
黑龙江,2006,1784.1,2.448,5329.8,43.67476799999999,1740.4252319999998
上海,2006,885.51,14.455,10598.9,128.0004705,757.5095295
江苏,2006,4628.95,2.78,21240.8,128.68480999999997,4500.26519
浙江,2006,3172.38,3.757,15302.7,119.18631660000001,3053.1936834000003
安徽,2006,3741.0,1.109,6500.3,41.48769,3699.51231
福建,2006,1958.0,2.035,7468.6,39.8453,1918.1547
江西,2006,2321.07,2.127,4696.8,49.3691589,2271.7008411
山东,2006,5756.3,1.676,18967.8,96.475588,5659.824412
河南,2006,5718.72,0.955,11977.9,54.613776,5664.106224
湖北,2006,3564.0,3.133,7531.8,111.66012,3452.33988
湖南,2006,3842.17,1.914,7431.6,73.5391338,3768.6308662
广东,2006,5177.02,2.694,25961.2,139.4689188,5037.5510812
广西,2006,2760.0,1.26,4417.8,34.775999999999996,2725.224
海南,2006,389.03,1.976,1027.5,7.687232799999999,381.34276719999997
重庆,2006,1454.77,1.859,3900.3,27.044174299999998,1427.7258257
四川,2006,4715.0,1.093,8494.7,51.53495,4663.46505
贵州,2006,1953.24,0.896,2264.1,17.5010304,1935.7389696
云南,2006,2517.6,1.106,4090.7,27.844656,2489.7553439999997
西藏,2006,148.198,0.0,285.9,0.0,148.198
陕西,2006,1986.0,2.443,4595.6,48.517979999999994,1937.48202
甘肃,2006,1401.36,0.783,2203.0,10.9726488,1390.3873512
青海,2006,294.19,2.401,585.2,7.063501899999999,287.1264981
宁夏,2006,308.1,3.076,683.3,9.477156,298.62284400000004
新疆,2006,811.75,3.839,2957.3,31.1630825,780.5869175
北京,2007,942.7,19.376,10425.5,182.65755200000004,760.042448
天津,2007,613.93,7.815,4158.4,47.9786295,565.9513704999999
河北,2007,3664.97,1.593,12152.9,58.382972099999996,3606.5870278999996
山西,2007,1595.65,2.593,5935.6,41.3752045,1554.2747955
内蒙古,2007,1081.53,2.369,5166.9,25.621445700000002,1055.9085542999999
辽宁,2007,2180.7,3.672,10292.2,80.075304,2100.624696
吉林,2007,1266.1,2.723,4080.3,34.475902999999995,1231.624097
黑龙江,2007,1827.6,1.968,6126.3,35.967167999999994,1791.632832
上海,2007,1024.33,13.459,12878.7,137.8645747,886.4654252999999
江苏,2007,4677.88,2.268,25988.4,106.09431839999999,4571.7856816
浙江,2007,3220.29,3.366,18640.0,108.39496140000001,3111.8950386
安徽,2007,3818.0,0.851,7941.6,32.49118,3785.50882
福建,2007,1999.0,2.759,9325.6,55.15241,1943.84759
江西,2007,2369.55,2.972,5777.6,70.42302600000001,2299.1269740000002
山东,2007,5803.6,1.519,22718.1,88.156684,5715.443316000001
河南,2007,5772.72,0.893,14824.5,51.55038960000001,5721.1696104
湖北,2007,3584.0,2.503,9451.4,89.70752,3494.29248
湖南,2007,3883.41,1.658,9285.5,64.3869378,3819.0230622
广东,2007,5341.5,2.972,31742.6,158.74938,5182.75062
广西,2007,2769.0,1.084,5474.8,30.01596,2738.98404
海南,2007,397.46,1.548,1234.0,6.1526808,391.3073192
重庆,2007,1468.87,1.003,4770.7,14.732766099999997,1454.1372339
四川,2007,4731.1,1.484,10562.1,70.209524,4660.8904760000005
贵州,2007,1872.64,1.128,2847.5,21.1233792,1851.5166208
云南,2007,2573.82,1.143,5077.4,29.4187626,2544.4012374000004
西藏,2007,158.15,0.0,344.1,0.0,158.15
陕西,2007,2013.0,2.343,5681.8,47.16459,1965.83541
甘肃,2007,1414.76,1.211,2675.1,17.1327436,1397.6272564
青海,2007,298.56,3.088,720.1,9.219532800000001,289.3404672
宁夏,2007,309.5,2.851,877.6,8.823845,300.676155
新疆,2007,830.42,3.405,3500.0,28.275800999999998,802.144199
北京,2008,980.9,18.35,11813.1,179.99515,800.90485
天津,2008,647.32,7.173,5182.4,46.432263600000006,600.8877364
河北,2008,3725.66,1.808,14200.1,67.3599328,3658.3000672
山西,2008,1614.05,2.084,7223.0,33.636802,1580.413198
内蒙古,2008,1103.28,2.178,6242.4,24.0294384,1079.2505616
辽宁,2008,2198.2,4.79,12137.7,105.29377999999998,2092.90622
吉林,2008,1281.4,2.912,4834.7,37.314368,1244.085632
黑龙江,2008,1852.4,1.958,7134.2,36.269992,1816.130008
上海,2008,1053.24,14.529,14536.9,153.0252396,900.2147604
江苏,2008,4700.96,2.32,30945.5,109.062272,4591.897728
浙江,2008,3252.35,3.311,21284.6,107.68530849999999,3144.6646915
安徽,2008,3916.0,1.143,9517.7,44.75988,3871.24012
福建,2008,2033.0,2.991,10931.8,60.807030000000005,1972.19297
江西,2008,2404.5,2.045,6934.2,49.17202499999999,2355.327975
山东,2008,5815.1,1.985,27106.2,115.42973500000002,5699.670265000001
河南,2008,5835.45,1.033,17735.9,60.2801985,5775.1698015
湖北,2008,3607.0,2.681,11497.5,96.70367,3510.29633
湖南,2008,3910.06,1.67,11307.4,65.298002,3844.761998
广东,2008,5471.72,3.366,36704.2,184.17809520000003,5287.5419048
广西,2008,2799.0,1.022,6455.4,28.60578,2770.39422
海南,2008,408.36,1.884,1474.7,7.6935024,400.6664976
重庆,2008,1492.43,1.329,5899.5,19.8343947,1472.5956053
四川,2008,4740.0,1.041,12756.2,49.343399999999995,4690.6566
贵州,2008,1867.2,1.393,3504.5,26.010096000000004,1841.189904
云南,2008,2638.37,0.907,6016.6,23.930015899999997,2614.4399841
西藏,2008,163.5012,0.0,398.2,0.0,163.5012
陕西,2008,2039.0,3.178,7177.8,64.79942,1974.20058
甘肃,2008,1446.34,1.694,3071.7,24.5009996,1421.8390003999998
青海,2008,301.0,3.109,896.9,9.358089999999999,291.64191
宁夏,2008,303.9,3.043,1139.2,9.247677,294.65232299999997
新疆,2008,847.58,3.677,4142.5,31.1655166,816.4144834
北京,2009,998.3,20.751,12900.9,207.15723300000002,791.1427669999999
天津,2009,677.13,7.846,5709.6,53.127619800000005,624.0023802
河北,2009,3792.49,2.244,15306.9,85.1034756,3707.3865244
山西,2009,1600.59,2.459,7147.6,39.3585081,1561.2314918999998
内蒙古,2009,1142.5,2.136,7104.2,24.4038,1118.0962
辽宁,2009,2277.1,4.825,12815.7,109.870075,2167.229925
吉林,2009,1297.3,3.679,5434.8,47.72766699999999,1249.572333
黑龙江,2009,1877.0,2.542,7218.9,47.713339999999995,1829.28666
上海,2009,1064.42,15.943,15742.4,169.70048060000002,894.7195194000001
江苏,2009,4726.54,2.797,34471.7,132.2013238,4594.3386762
浙江,2009,3288.29,4.19,22833.7,137.77935100000002,3150.510649
安徽,2009,3988.0,1.179,10864.7,47.018519999999995,3940.98148
福建,2009,2069.0,3.063,12418.1,63.373470000000005,2005.62653
江西,2009,2445.2,2.383,7630.0,58.269116,2386.930884
山东,2009,5844.7,2.169,29540.8,126.77154300000001,5717.928457
河南,2009,5948.78,1.358,19181.0,80.7844324,5867.9955676
湖北,2009,3622.0,2.539,13192.1,91.96258,3530.03742
湖南,2009,3935.21,2.102,12772.8,82.7181142,3852.4918858
广东,2009,5688.62,2.725,39464.7,155.014895,5533.605105
广西,2009,2862.63,1.471,7112.9,42.109287300000005,2820.5207127000003
海南,2009,424.56,1.702,1620.3,7.2260112,417.3339888
重庆,2009,1513.0,1.736,6651.2,26.265679999999996,1486.73432
四川,2009,4756.62,2.046,14190.6,97.3204452,4659.2995548
贵州,2009,1841.92,1.347,3856.7,24.810662400000002,1817.1093376000001
云南,2009,2684.77,1.002,6574.4,26.901395400000002,2657.8686046
西藏,2009,169.07,0.0,445.7,0.0,169.07
陕西,2009,2060.0,3.282,7997.8,67.6092,1992.3908
甘肃,2009,1488.63,1.877,3268.3,27.9415851,1460.6884149
青海,2009,303.26,4.147,939.7,12.576192200000001,290.6838078
宁夏,2009,328.5,3.141,1266.7,10.318185000000001,318.181815
新疆,2009,866.15,3.152,4237.0,27.301048,838.8489519999999
北京,2010,1067.3,24.257,14964.0,258.894961,808.405039
天津,2010,667.0,11.253,6830.8,75.05751000000001,591.94249
河北,2010,4135.0,2.729,18003.6,112.84415000000001,4022.15585
山西,2010,1802.0,3.76,8903.9,67.7552,1734.2448
内蒙古,2010,1398.0,4.552,8199.9,63.63695999999999,1334.36304
辽宁,2010,2317.5,5.948,13896.3,137.84490000000002,2179.6551
吉林,2010,1563.98,4.648,6410.5,72.6937904,1491.2862096000001
黑龙江,2010,2102.0,3.916,8308.3,82.31432000000001,2019.68568
上海,2010,1090.76,15.676,17915.4,170.9875376,919.7724624
江苏,2010,4724.68,4.852,41383.9,229.24147360000003,4495.4385264
浙江,2010,3352.0,5.028,27399.9,168.53856,3183.46144
安徽,2010,4050.0,2.788,13249.8,112.914,3937.086
福建,2010,2114.0,4.276,15002.5,90.39464,2023.60536
江西,2010,2388.0,2.49,9383.2,59.461200000000005,2328.5388
山东,2010,5940.0,3.496,33922.5,207.66240000000002,5732.3376
河南,2010,5156.0,2.163,22655.0,111.52428,5044.47572
湖北,2010,3375.0,3.569,16226.9,120.45375,3254.54625
湖南,2010,3982.73,2.66,15574.3,105.94061800000001,3876.789382
广东,2010,6051.0,4.27,45944.6,258.37769999999995,5792.6223
广西,2010,2666.0,2.677,8552.4,71.36882,2594.63118
海南,2010,457.65,3.381,2020.5,15.473146499999999,442.1768535
重庆,2010,1551.03,4.246,8065.3,65.8567338,1485.1732662
四川,2010,4677.0,2.561,17224.8,119.77797000000001,4557.22203
贵州,2010,1779.0,2.616,4519.0,46.53864000000001,1732.46136
云南,2010,2794.0,2.628,7735.3,73.42632,2720.57368
西藏,2010,169.0,3.057,512.9,5.16633,163.83367
陕西,2010,2083.0,3.841,9845.2,80.00803,2002.99197
甘肃,2010,1397.0,2.968,3943.7,41.46296,1355.53704
青海,2010,310.0,4.62,1144.2,14.322000000000001,295.678
宁夏,2010,342.0,4.827,1571.7,16.50834,325.49166
新疆,2010,1213.0,4.689,5360.2,56.877570000000006,1156.12243
北京,2011,1090.1,32.379,17188.8,352.96347899999995,737.1365209999999
天津,2011,677.0,13.436,8112.5,90.96172,586.03828
河北,2011,4087.0,4.291,21384.7,175.37317000000002,3911.62683
山西,2011,1817.0,4.484,10894.4,81.47428,1735.52572
内蒙古,2011,1388.0,5.308,9458.1,73.67504,1314.32496
辽宁,2011,2364.88,5.864,16354.9,138.6765632,2226.2034368
吉林,2011,1524.99,5.606,7734.6,85.4909394,1439.4990606000001
黑龙江,2011,2066.0,3.864,9935.0,79.83023999999999,1986.16976
上海,2011,1104.33,16.386,20009.7,180.95551379999998,923.3744862
江苏,2011,4749.23,5.963,48839.2,283.1965849,4466.0334151
浙江,2011,3385.0,6.836,31854.8,231.39860000000002,3153.6014
安徽,2011,4120.9,3.169,16284.9,130.591321,3990.3086789999998
福建,2011,2181.0,7.213,17917.7,157.31553,2023.68447
江西,2011,2378.0,3.158,11584.5,75.09724,2302.90276
山东,2011,5915.0,5.395,39064.9,319.11424999999997,5595.88575
河南,2011,5129.0,3.023,26318.7,155.04967,4973.95033
湖北,2011,3387.0,5.66,19942.5,191.70420000000001,3195.2958
湖南,2011,4005.03,5.116,18915.0,204.89733479999998,3800.1326652000002
广东,2011,6087.0,4.681,53072.8,284.93246999999997,5802.06753
广西,2011,2936.0,2.691,10299.9,79.00776,2856.99224
海南,2011,465.21,4.395,2463.8,20.445979499999996,444.76402049999996
重庆,2011,1587.04,4.66,10161.2,73.956064,1513.083936
四川,2011,4650.0,3.378,21050.9,157.077,4492.923
贵州,2011,1772.0,3.378,5615.6,59.85816,1712.14184
云南,2011,2844.0,3.684,9523.1,104.77296,2739.22704
西藏,2011,171.0,8.639,611.5,14.772689999999997,156.22731
陕西,2011,2087.0,5.987,12175.1,124.94869,1962.05131
甘肃,2011,1379.0,4.494,4816.9,61.97226,1317.02774
青海,2011,304.0,7.033,1370.4,21.38032,282.61968
宁夏,2011,347.0,6.038,1931.8,20.95186,326.04814
新疆,2011,1235.0,5.072,6532.0,62.6392,1172.3608
北京,2012,1115.3,34.315,19024.7,382.71519499999994,732.584805
天津,2012,693.0,14.055,9043.0,97.40115,595.59885
河北,2012,4063.0,4.402,23077.5,178.85326,3884.14674
山西,2012,1834.0,5.461,11683.1,100.15474,1733.84526
内蒙古,2012,1379.0,5.612,10470.1,77.38948,1301.61052
辽宁,2012,2423.82,5.516,17848.6,133.69791120000002,2290.1220888000003
吉林,2012,1489.99,6.217,8678.0,92.6326783,1397.3573217
黑龙江,2012,2039.0,3.356,11015.8,68.42884,1970.57116
上海,2012,1115.5,17.751,21305.6,198.012405,917.487595
江苏,2012,4770.54,6.22,53701.9,296.72758799999997,4473.812412
浙江,2012,3407.0,8.248,34382.4,281.00935999999996,3125.99064
安徽,2012,4206.8,4.017,18341.7,168.98715600000003,4037.812844
福建,2012,2202.0,7.234,20190.7,159.29268,2042.70732
江西,2012,2364.0,2.984,12807.7,70.54176000000001,2293.45824
山东,2012,5892.0,5.663,42957.3,333.66396000000003,5558.33604
河南,2012,5110.0,3.141,28961.9,160.5051,4949.4949
湖北,2012,3398.0,5.463,22590.9,185.63274,3212.36726
湖南,2012,4019.31,5.205,21207.2,209.2050855,3810.1049144999997
广东,2012,6171.0,4.395,57007.7,271.21545,5899.78455
广西,2012,2768.3,2.914,11303.6,80.66826200000001,2687.631738
海南,2012,475.9,5.534,2789.4,26.336306,449.563694
重庆,2012,1605.89,5.239,11595.4,84.13257709999999,1521.7574229000002
四川,2012,4635.0,3.832,23922.4,177.6132,4457.3868
贵州,2012,1780.0,2.951,6742.2,52.5278,1727.4722
云南,2012,2835.0,3.588,11097.4,101.71979999999999,2733.2802
西藏,2012,174.0,3.422,710.2,5.95428,168.04572
陕西,2012,2091.0,6.798,14142.4,142.14618000000002,1948.85382
甘肃,2012,1358.0,4.749,5393.1,64.49142,1293.50858
青海,2012,299.0,6.769,1528.5,20.23931,278.76069
宁夏,2012,344.47,5.436,2131.0,18.725389200000002,325.74461080000003
新疆,2012,1246.0,5.893,7411.8,73.42678,1172.57322
北京,2013,1137.2,33.117,21134.6,376.606524,760.593476
天津,2013,711.0,16.522,9945.4,117.47141999999998,593.52858
河北,2013,4032.0,4.203,24259.6,169.46496000000002,3862.5350399999998
山西,2013,1855.0,5.606,11987.2,103.9913,1751.0087
内蒙古,2013,1370.0,6.42,11392.4,87.954,1282.046
辽宁,2013,2518.88,6.276,19208.8,158.0849088,2360.7950912
吉林,2013,1457.0,6.724,9427.9,97.96868,1359.03132
黑龙江,2013,1997.0,4.355,11849.1,86.96935000000002,1910.03065
上海,2013,1368.91,18.499,23204.1,253.2346609,1115.6753391000002
江苏,2013,4791.9,6.673,59349.4,319.763487,4472.1365129999995
浙江,2013,3436.0,8.259,37334.6,283.77924,3152.22076
安徽,2013,4275.9,4.058,20584.0,173.51602199999996,4102.383978
福建,2013,2210.0,7.827,22503.8,172.9767,2037.0233
江西,2013,2362.0,3.777,14300.2,89.21274,2272.78726
山东,2013,5840.0,6.66,47344.3,388.944,5451.056
河南,2013,5094.0,3.656,31632.5,186.23664,4907.76336
湖北,2013,3404.0,4.863,25378.0,165.53652000000002,3238.46348
湖南,2013,4036.45,4.771,23545.2,192.5790295,3843.8709704999997
广东,2013,6273.0,5.638,62503.4,353.67174,5919.32826
广西,2013,2782.26,2.991,12448.4,83.21739660000001,2699.0426034
海南,2013,490.56,5.029,3115.9,24.670262400000002,465.8897376
重庆,2013,1618.69,5.543,13027.6,89.72398670000001,1528.9660133
四川,2013,4634.0,4.265,26518.0,197.6401,4436.3599
贵州,2013,1796.0,3.652,7973.1,65.58992,1730.41008
云南,2013,2835.0,4.242,12825.5,120.2607,2714.7393
西藏,2013,175.0,2.589,828.2,4.53075,170.46925
陕西,2013,2090.0,7.182,15905.4,150.1038,1939.8962
甘肃,2013,1352.0,5.761,6014.5,77.88872,1274.11128
青海,2013,296.0,6.776,1713.3,20.05696,275.94304
宁夏,2013,345.0,5.169,2327.7,17.83305,327.16695
新疆,2013,1260.0,6.849,8392.6,86.2974,1173.7026
北京,2014,1141.8,37.37,22926.0,426.69066,715.10934
天津,2014,718.0,15.85,10640.6,113.803,604.197
河北,2014,3978.0,5.53,25208.9,219.9834,3758.0166
山西,2014,1842.0,5.99,12094.7,110.3358,1731.6642
内蒙古,2014,1360.0,6.92,12158.2,94.11200000000001,1265.888
辽宁,2014,2562.23,7.5,20025.7,192.16725,2370.06275
吉林,2014,1427.01,7.25,9966.5,103.458225,1323.551775
黑龙江,2014,1946.0,4.63,12170.8,90.0998,1855.9002
上海,2014,1365.63,23.25,25269.8,317.508975,1048.1210250000001
江苏,2014,4812.82,7.09,64830.5,341.22893799999997,4471.5910619999995
浙江,2014,3459.0,9.72,40023.5,336.2148,3122.7852
安徽,2014,4311.03,4.8,22519.7,206.92944,4104.10056
福建,2014,2219.0,8.11,24942.1,179.9609,2039.0391
江西,2014,2348.0,4.14,15667.8,97.2072,2250.7928
山东,2014,5798.0,7.49,50774.8,434.27020000000005,5363.7298
河南,2014,5082.0,4.57,34574.8,232.24740000000003,4849.7526
湖北,2014,3408.0,6.07,28242.1,206.8656,3201.1344
湖南,2014,4044.13,5.53,25881.3,223.64038900000003,3820.489611
广东,2014,6428.0,5.78,68173.0,371.5384,6056.4616
广西,2014,2795.0,3.26,13587.8,91.11699999999999,2703.883
海南,2014,504.1,6.94,3449.0,34.98454,469.11546000000004
重庆,2014,1632.12,5.77,14623.8,94.173324,1537.9466759999998
四川,2014,4638.0,3.88,28891.3,179.9544,4458.0456
贵州,2014,1820.0,3.79,9173.1,68.97800000000001,1751.022
云南,2014,2859.0,4.62,14041.7,132.0858,2726.9142
西藏,2014,176.0,3.0,939.7,5.28,170.72
陕西,2014,2101.0,8.41,17402.5,176.6941,1924.3059
甘肃,2014,1348.0,6.06,6518.4,81.68879999999999,1266.3112
青海,2014,293.0,7.2,1847.7,21.096,271.904
宁夏,2014,344.0,6.67,2473.9,22.9448,321.0552
新疆,2014,1265.0,5.97,9264.5,75.5205,1189.4795
北京,2015,1164.4,32.815,24779.1,382.09786,782.30214
天津,2015,718.0,19.613,10879.5,140.82134,577.17866
河北,2015,3927.0,6.539,26398.4,256.78652999999997,3670.21347
山西,2015,1827.0,9.928,11836.4,181.38456000000002,1645.61544
内蒙古,2015,1351.0,7.899,12949.0,106.71549,1244.28451
辽宁,2015,2409.89,10.142,20210.3,244.41104379999996,2165.4789562
吉林,2015,1399.0,8.138,10018.0,113.85061999999999,1285.14938
黑龙江,2015,1825.0,8.571,11690.0,156.42075,1668.57925
上海,2015,1361.51,26.76,26887.0,364.34007600000007,997.1699239999999
江苏,2015,4832.5,10.926,71255.9,527.99895,4304.50105
浙江,2015,3505.0,12.341,43507.7,432.55204999999995,3072.44795
安徽,2015,4342.1,5.949,23831.2,258.311529,4083.7884710000003
福建,2015,2255.0,9.052,26819.5,204.12259999999998,2050.8774
江西,2015,2338.0,5.327,16780.9,124.54526,2213.45474
山东,2015,5773.0,6.445,55288.8,372.06985000000003,5400.93015
河南,2015,5075.0,5.149,37084.1,261.31175,4813.68825
湖北,2015,3398.0,7.643,30344.0,259.70914,3138.29086
湖南,2015,3980.3,6.673,28538.6,265.605419,3714.694581
广东,2015,6566.0,7.594,74732.4,498.62204,6067.37796
广西,2015,2595.0,5.386,14797.8,139.76670000000001,2455.2333
海南,2015,510.76,6.275,3734.2,32.05019,478.70981
重庆,2015,1647.41,8.406,16040.5,138.4812846,1508.9287154
四川,2015,4652.0,5.005,30342.0,232.83259999999999,4419.1674
贵州,2015,1842.0,4.159,10541.0,76.60878,1765.39122
云南,2015,2823.0,4.968,14960.0,140.24664,2682.75336
西藏,2015,181.0,4.194,1043.0,7.59114,173.40886
陕西,2015,2107.0,7.579,17898.8,159.68953,1947.31047
甘肃,2015,1346.0,6.594,6556.6,88.75524000000001,1257.24476
青海,2015,292.0,7.97,2011.0,23.272399999999998,268.7276
宁夏,2015,343.0,8.684,2579.4,29.786119999999997,313.21388
新疆,2015,1292.0,10.654,9306.9,137.64968000000002,1154.35032
北京,2016,1187.6,34.355,27041.2,407.99997999999994,779.60002
天津,2016,705.0,19.78,11477.2,139.449,565.5509999999999
河北,2016,3871.0,6.748,28474.1,261.21508,3609.78492
山西,2016,1832.0,9.832,11946.4,180.12224000000003,1651.8777599999999
内蒙古,2016,1326.0,8.535,13789.3,113.1741,1212.8259
辽宁,2016,2301.16,10.282,20392.5,236.60527119999998,2064.5547288
吉林,2016,1367.99,8.044,10427.0,110.04111560000001,1257.9488844
黑龙江,2016,1776.0,8.949,11895.0,158.93424,1617.06576
上海,2016,1365.24,28.046,29887.0,382.8952104,982.3447896
江苏,2016,4850.22,11.32,77350.9,549.044904,4301.175096
浙江,2016,3552.0,12.741,47254.0,452.56032,3099.43968
安徽,2016,4361.6,6.096,26307.7,265.88313600000004,4095.7168640000004
福建,2016,2248.0,9.395,29609.4,211.1996,2036.8004
江西,2016,2332.0,4.835,18388.6,112.75219999999999,2219.2478
山东,2016,5728.0,6.756,58762.5,386.98368000000005,5341.01632
河南,2016,5052.0,5.08,40249.3,256.6416,4795.3584
湖北,2016,3385.0,7.468,33353.0,252.7918,3132.2082
湖南,2016,3920.41,6.984,30853.5,273.8014344,3646.6085656
广东,2016,6703.0,7.611,82163.2,510.16533,6192.83467
广西,2016,2583.0,5.308,16116.6,137.10564,2445.8943600000002
海南,2016,513.14,6.456,4090.2,33.128318400000005,480.0116816
重庆,2016,1647.41,8.562,18023.0,141.0512442,1506.3587558000002
四川,2016,4657.0,5.444,33138.5,253.52707999999998,4403.47292
贵州,2016,1859.0,5.032,11792.4,93.54487999999999,1765.45512
云南,2016,2855.0,4.67,16369.0,133.3285,2721.6715
西藏,2016,185.0,5.79,1173.0,10.711500000000001,174.2885
陕西,2016,2111.0,8.323,19045.8,175.69853,1935.3014699999999
甘肃,2016,1341.0,6.77,6907.9,90.78569999999999,1250.2143
青海,2016,289.0,8.637,2258.2,24.960930000000005,264.03907
宁夏,2016,343.0,10.262,2781.4,35.19866,307.80134
新疆,2016,1320.0,11.233,9630.8,148.27560000000003,1171.7244
北京,2017,1191.3,37.54,29883.0,447.21401999999995,744.0859800000001
天津,2017,684.0,20.973,12450.6,143.45532,540.54468
河北,2017,3795.0,6.705,30640.8,254.45475,3540.54525
山西,2017,1812.0,9.634,14484.3,174.56808,1637.43192
内蒙古,2017,1317.0,9.481,14898.1,124.86477,1192.13523
辽宁,2017,2284.66,10.799,21693.0,246.72043339999996,2037.9395665999998
吉林,2017,1339.0,8.842,10922.0,118.39438,1220.60562
黑龙江,2017,1699.0,8.643,12313.0,146.84457,1552.15543
上海,2017,1372.65,29.793,32925.0,408.9536145,963.6963855000001
江苏,2017,4872.8,11.704,85869.8,570.3125120000001,4302.487488
浙江,2017,3613.0,13.895,52403.1,502.02635000000004,3110.97365
安徽,2017,4377.9,5.638,29676.2,246.82600199999996,4131.073998
福建,2017,2236.0,9.883,33842.4,220.98388,2015.01612
江西,2017,2317.0,4.983,20210.8,115.45611,2201.54389
山东,2017,5693.0,7.181,63012.1,408.81433,5284.18567
河南,2017,5029.0,4.953,44824.9,249.08637000000002,4779.91363
湖北,2017,3379.0,7.617,37235.0,257.37843,3121.6215700000002
湖南,2017,3817.22,7.139,33828.1,272.5113358,3544.7086642
广东,2017,6858.0,7.859,91648.7,538.9702199999999,6319.02978
广西,2017,2566.0,5.596,17790.7,143.59336,2422.40664
海南,2017,525.87,6.721,4497.5,35.3437227,490.5262773
重庆,2017,1659.33,8.671,20066.3,143.88050429999998,1515.4494957
四川,2017,4667.0,5.48,37905.1,255.75160000000002,4411.2484
贵州,2017,1881.0,5.332,13605.4,100.29492,1780.70508
云南,2017,2831.0,4.871,18486.0,137.89801,2693.10199
西藏,2017,187.0,5.777,1349.0,10.80299,176.19701
陕西,2017,2111.0,8.897,21473.5,187.81566999999998,1923.18433
甘肃,2017,1337.0,7.101,7336.7,94.94037,1242.05963
青海,2017,287.0,9.045,2465.1,25.95915,261.04085
宁夏,2017,344.0,10.149,3200.3,34.91256,309.08744
新疆,2017,1336.0,11.462,11159.9,153.13232,1182.86768
北京,2018,1189.6,39.497,33106.0,469.85631199999995,719.743688
天津,2018,672.0,24.338,13362.9,163.55136000000002,508.44863999999995
河北,2018,3739.0,7.338,32494.6,274.36782,3464.63218
山西,2018,1789.0,10.296,15958.1,184.19544,1604.80456
内蒙古,2018,1304.0,9.528,16140.8,124.24512,1179.75488
辽宁,2018,2260.6,10.55,23510.5,238.4933,2022.1066999999998
吉林,2018,1314.01,9.256,11253.8,121.6247656,1192.3852344
黑龙江,2018,1635.0,8.396,12846.5,137.27460000000002,1497.7254
上海,2018,1375.66,30.879,36011.8,424.79005140000004,950.8699486
江苏,2018,4886.9,12.562,93207.6,613.892378,4273.007621999999
浙江,2018,3691.0,13.974,58002.8,515.78034,3175.2196599999997
安徽,2018,4385.3,6.693,34010.9,293.508129,4091.7918710000004
福建,2018,2222.0,11.084,38687.8,246.28647999999998,1975.71352
江西,2018,2295.0,5.777,22716.5,132.58215,2162.41785
山东,2018,5621.0,7.546,66648.9,424.16066,5196.83934
河南,2018,4992.0,5.193,49935.9,259.23456,4732.76544
湖北,2018,3377.0,8.469,42022.0,285.99813,3091.00187
湖南,2018,3738.58,7.336,36329.7,274.2622288,3464.3177711999997
广东,2018,6960.0,8.438,99945.2,587.2848,6372.7152
广西,2018,2562.0,5.411,19627.8,138.62982,2423.37018
海南,2018,535.5,7.784,4910.7,41.68332,493.81668
重庆,2018,1663.23,8.781,21588.8,146.0482263,1517.1817737000001
四川,2018,4690.0,5.459,42902.1,256.0271,4433.9729
贵州,2018,1886.0,5.579,15353.2,105.21994,1780.78006
云南,2018,2822.0,4.889,20880.6,137.96758,2684.03242
西藏,2018,187.0,7.521,1548.4,14.064269999999999,172.93573
陕西,2018,2112.0,9.343,23941.9,197.32416,1914.6758399999999
甘肃,2018,1337.0,7.689,8104.1,102.80193,1234.19807
青海,2018,285.0,10.533,2748.0,30.019049999999996,254.98095
宁夏,2018,345.0,10.61,3510.2,36.6045,308.39549999999997
新疆,2018,1331.0,12.139,12809.4,161.57009,1169.42991
北京,2019,1183.5,40.7,35445.1,481.68450000000007,701.8154999999999
天津,2019,659.0,25.5,14055.5,168.045,490.95500000000004
河北,2019,3702.0,7.9,34978.6,292.458,3409.542
山西,2019,1762.0,11.0,16961.6,193.82,1568.18
内蒙古,2019,1272.0,11.7,17212.5,148.82399999999998,1123.176
辽宁,2019,2238.43,12.4,24855.3,277.56532,1960.86468
吉林,2019,1286.0,10.8,11726.8,138.888,1147.112
黑龙江,2019,1551.0,10.0,13544.4,155.1,1395.9
上海,2019,1376.2,31.2,37987.6,429.37440000000004,946.8256
江苏,2019,4903.2,13.0,98656.8,637.4159999999999,4265.784
浙江,2019,3771.0,15.1,62462.0,569.4209999999999,3201.579
安徽,2019,4384.0,8.5,36845.5,372.64,4011.36
福建,2019,2210.0,11.0,42326.6,243.1,1966.9
江西,2019,2278.0,6.7,24667.3,152.626,2125.374
山东,2019,5561.0,9.2,70540.5,511.61199999999997,5049.388
河南,2019,4934.0,7.3,53717.8,360.18199999999996,4573.818
湖北,2019,3375.0,9.4,45429.0,317.25,3057.75
湖南,2019,3666.48,9.2,39894.1,337.31615999999997,3329.16384
广东,2019,6995.0,10.8,107986.9,755.46,6239.54
广西,2019,2558.0,6.5,21237.1,166.27,2391.73
海南,2019,536.11,9.1,5330.8,48.78601,487.32399000000004
重庆,2019,1668.16,11.1,23605.8,185.16576,1482.99424
四川,2019,4714.0,8.1,46363.8,381.834,4332.166
贵州,2019,1888.0,7.3,16769.3,137.82399999999998,1750.176
云南,2019,2812.0,6.9,23223.8,194.028,2617.972
西藏,2019,190.0,7.6,1697.8,14.44,175.56
陕西,2019,2114.0,10.3,25793.2,217.74200000000002,1896.258
甘肃,2019,1333.0,8.6,8718.3,114.63799999999999,1218.362
青海,2019,282.0,11.4,2941.1,32.148,249.852
宁夏,2019,343.0,12.9,3748.5,44.247,298.753
新疆,2019,1343.0,11.7,13597.1,157.13099999999997,1185.8690000000001
北京,2020,1163.8,43.8,35943.3,509.7443999999999,654.0556
天津,2020,647.0,25.2,14008.0,163.04399999999998,483.956
河北,2020,3671.0,8.9,36013.8,326.719,3344.281
山西,2020,1738.0,11.5,17835.6,199.87,1538.13
内蒙古,2020,1242.0,11.7,17258.0,145.314,1096.686
辽宁,2020,2231.0,12.6,25011.4,281.106,1949.894
吉林,2020,1261.0,10.6,12256.0,133.666,1127.334
黑龙江,2020,1473.0,9.3,13633.4,136.989,1336.011
上海,2020,1374.0,32.2,38963.3,442.42800000000005,931.5719999999999
江苏,2020,4893.0,13.1,102807.7,640.983,4252.017
浙江,2020,3857.0,14.7,64689.1,566.9789999999999,3290.021
安徽,2020,3243.0,8.3,38061.5,269.16900000000004,2973.831
福建,2020,2206.0,11.5,43608.6,253.69,1952.31
江西,2020,2264.0,7.5,25782.0,169.8,2094.2
山东,2020,5510.0,8.9,72798.2,490.39,5019.61
河南,2020,4884.0,7.3,54259.4,356.532,4527.468
湖北,2020,3261.0,9.5,43004.5,309.795,2951.205
湖南,2020,3280.0,9.3,41542.6,305.04,2974.96
广东,2020,7039.0,10.8,111151.6,760.2120000000001,6278.788
广西,2020,2558.0,6.7,22120.9,171.38600000000002,2386.614
海南,2020,540.97,9.6,5566.2,51.93312,489.03688
重庆,2020,1676.01,11.0,25041.4,184.3611,1491.6489
四川,2020,4745.0,8.1,48501.6,384.345,4360.655
贵州,2020,1892.0,7.3,17860.4,138.116,1753.884
云南,2020,2806.0,7.0,24555.7,196.42,2609.58
西藏,2020,193.0,7.4,1902.7,14.282,178.718
陕西,2020,2105.0,10.5,26014.1,221.025,1883.975
甘肃,2020,1331.0,8.1,8979.7,107.811,1223.189
青海,2020,279.0,11.7,3009.8,32.643,246.357
宁夏,2020,344.0,12.8,3956.3,44.032,299.968
新疆,2020,1356.0,11.7,13800.7,158.652,1197.348
北京,2021,1158.0,43.72,41045.6,506.2776,651.7224
天津,2021,641.0,28.13,15685.1,180.31329999999997,460.68670000000003
河北,2021,3643.0,8.61,40397.1,313.6623,3329.3377
山西,2021,1715.0,11.29,22870.4,193.62349999999998,1521.3765
内蒙古,2021,1218.0,13.56,21166.0,165.16080000000002,1052.8392
辽宁,2021,2190.0,14.34,27569.5,314.046,1875.954
吉林,2021,1228.44,12.09,13163.8,148.51839600000002,1079.9216040000001
黑龙江,2021,1420.0,11.59,14858.2,164.578,1255.422
上海,2021,1365.0,34.22,43653.2,467.10299999999995,897.897
江苏,2021,4862.86,13.61,117392.4,661.8352459999999,4201.024754
浙江,2021,3897.0,13.71,74040.8,534.2787000000001,3362.7213
安徽,2021,3215.0,9.36,42565.2,300.924,2914.076
福建,2021,2197.0,12.71,49566.1,279.23870000000005,1917.7613
江西,2021,2242.0,8.35,29827.8,187.207,2054.793
山东,2021,5475.0,9.9,82875.2,542.025,4932.975
河南,2021,4840.0,7.03,58071.4,340.25200000000007,4499.748
湖北,2021,3286.0,10.42,50091.2,342.4012,2943.5987999999998
湖南,2021,3258.0,9.52,45713.5,310.1616,2947.8384
广东,2021,7072.0,11.96,124719.5,845.8112000000001,6226.1888
广西,2021,2544.0,7.89,25209.1,200.7216,2343.2784
海南,2021,544.22,11.11,6504.1,60.462842,483.757158
重庆,2021,1668.27,11.51,28077.3,192.017877,1476.252123
四川,2021,4727.0,8.34,54088.0,394.2318,4332.7682
贵州,2021,1886.0,7.58,19458.6,142.9588,1743.0412000000001
云南,2021,2774.0,8.0,27161.6,221.92,2552.08
西藏,2021,194.0,10.56,2080.2,20.4864,173.5136
陕西,2021,2091.0,11.16,30121.7,233.3556,1857.6444
甘肃,2021,1319.0,9.97,10225.5,131.5043,1187.4957
青海,2021,277.0,12.57,3385.1,34.8189,242.18110000000001
宁夏,2021,345.0,12.99,4588.2,44.8155,300.1845
新疆,2021,1360.0,10.18,16311.6,138.44799999999998,1221.5520000000001
